srcip,srcport,dstip,dstport,proto,total_fpackets,total_fvolume,total_bpackets,total_bvolume,min_fpktl,mean_fpktl,max_fpktl,std_fpktl,min_bpktl,mean_bpktl,max_bpktl,std_bpktl,min_fiat,mean_fiat,max_fiat,std_fiat,min_biat,mean_biat,max_biat,std_biat,duration,min_active,mean_active,max_active,std_active,min_idle,mean_idle,max_idle,std_idle,sflow_fpackets,sflow_fbytes,sflow_bpackets,sflow_bbytes,fpsh_cnt,bpsh_cnt,furg_cnt,burg_cnt,total_fhlen,total_bhlen,dscp,firstTime,flast,blast,class
192.168.4.121,52046,65.54.81.46,80,6,6,848,5,379,40,141,636,242,40,75,207,73,3,3,12,5,3,3,12,5,15,15,15,15,0,0,0,0,0,6,848,5,379,1,1,0,0,252,212,0,1276321430,1276321445,1276321445,normal
192.168.2.110,1977,208.89.13.133,80,6,6,451,6,644,40,75,243,82,40,107,427,156,0,20,100,44,0,20,100,44,100,100,100,100,0,0,0,0,0,6,451,6,644,1,2,0,0,248,244,0,1276321345,1276321445,1276321445,normal
192.168.1.104,16440,174.35.52.82,80,6,7,462,6,1929,40,66,134,41,40,321,1402,544,0,9,51,20,5,11,51,22,56,56,56,56,0,0,0,0,0,7,462,6,1929,2,2,0,0,288,248,0,1276321397,1276321453,1276321453,normal
192.168.2.112,1128,97.74.104.201,80,6,12,868,7,4432,40,72,153,46,40,633,1076,552,1,9,99,29,0,17,101,40,106,106,106,106,0,0,0,0,0,12,868,7,4432,4,4,0,0,488,288,0,1276321348,1276321454,1276321454,normal
192.168.2.112,1129,97.74.104.201,443,6,15,1576,11,8881,40,105,350,92,40,807,1420,612,0,7,100,26,0,10,100,31,105,105,105,105,0,0,0,0,0,15,1576,11,8881,6,6,0,0,608,448,0,1276321349,1276321454,1276321454,normal
192.168.1.104,16438,174.35.52.82,80,6,12,817,14,5207,40,68,143,41,40,371,1500,509,0,5,52,15,5,4,52,14,58,58,58,58,0,0,0,0,0,12,817,14,5207,4,6,0,0,488,568,0,1276321396,1276321454,1276321454,normal
192.168.2.112,1130,64.202.188.237,443,6,104,5140,194,258677,40,49,350,41,40,1333,1420,321,0,1,100,9,0,0,100,7,105,105,105,105,0,0,0,0,0,104,5140,194,258677,6,10,0,0,4168,7760,0,1276321349,1276321454,1276321454,normal
192.168.1.104,16439,174.35.52.80,80,6,9,650,9,2758,40,72,143,46,40,306,1056,377,0,7,52,18,5,7,52,18,58,58,58,58,0,0,0,0,0,9,650,9,2758,3,4,0,0,368,368,0,1276321396,1276321454,1276321454,normal
192.168.2.112,1131,69.192.21.13,443,6,10,814,8,5487,40,81,222,67,40,685,1500,686,0,11,100,33,100,14,100,37,100,100,100,100,0,0,0,0,0,10,814,8,5487,3,4,0,0,408,328,0,1276321354,1276321454,1276321454,normal
192.168.1.104,16448,204.13.200.58,443,6,11,1012,12,12285,40,92,350,99,40,1023,1500,642,0,0,0,0,0,0,0,0,0,0,0,0,0,0,0,0,0,11,1012,12,12285,3,3,0,0,448,488,0,1276321454,1276321454,1276321454,normal
192.168.1.104,16442,174.35.52.80,80,6,8,523,7,2741,40,65,146,44,40,391,1500,551,0,8,52,19,5,9,52,20,57,57,57,57,0,0,0,0,0,8,523,7,2741,2,2,0,0,328,288,0,1276321398,1276321455,1276321455,normal
192.168.2.109,4082,72.21.211.241,80,6,31,1897,37,38563,40,61,127,33,40,1042,1500,607,0,3,100,18,100,2,100,16,102,102,102,102,0,0,0,0,0,31,1897,37,38563,9,9,0,0,1248,1484,0,1276321356,1276321458,1276321458,normal
192.168.1.104,16435,192.168.5.122,80,6,31,2043,87,101094,40,65,132,37,40,1162,1500,513,5,3,95,17,95,1,95,10,100,100,100,100,0,0,0,0,0,31,2043,87,101094,10,26,0,0,1248,3496,0,1276321358,1276321458,1276321458,normal
192.168.1.104,16455,204.13.200.58,80,6,9,475,10,9578,40,52,147,35,40,957,1500,709,0,0,0,0,0,0,0,0,0,0,0,0,0,0,0,0,0,9,475,10,9578,1,1,0,0,368,408,0,1276321459,1276321459,1276321459,normal
192.168.4.121,52047,65.54.81.46,80,6,6,848,4,339,40,141,636,242,40,84,207,81,3,3,12,5,3,1,3,1,15,15,15,15,0,0,0,0,0,6,848,4,339,1,1,0,0,252,172,0,1276321445,1276321460,1276321448,normal
192.168.2.110,1978,192.168.5.122,80,6,20,1567,47,44692,40,78,170,44,40,950,1500,552,5,5,95,21,95,2,95,14,100,100,100,100,0,0,0,0,0,20,1567,47,44692,9,18,0,0,808,1896,0,1276321362,1276321462,1276321462,normal
192.168.2.112,1132,192.168.5.122,110,6,8,369,15,752,40,46,56,6,40,50,60,7,0,0,1,0,0,0,1,0,1,1,1,1,0,0,0,0,0,8,369,15,752,4,10,0,0,328,616,0,1276321464,1276321465,1276321465,normal
192.168.4.121,52012,198.173.73.203,80,6,8,412,10,8788,40,51,120,27,40,878,1500,728,0,14,100,37,0,11,100,33,102,102,102,102,0,0,0,0,0,8,412,10,8788,1,1,0,0,332,412,0,1276321365,1276321467,1276321467,normal
192.168.2.110,1980,192.168.5.122,110,6,8,369,15,752,40,46,56,6,40,50,60,7,0,0,0,0,0,0,0,0,0,0,0,0,0,0,0,0,0,8,369,15,752,4,10,0,0,328,616,0,1276321470,1276321470,1276321470,normal
192.168.4.119,4607,204.13.161.71,443,6,29,2275,40,44846,40,78,180,50,40,1121,1500,580,0,0,2,0,0,0,2,0,3,3,3,3,0,0,0,0,0,29,2275,40,44846,11,14,0,0,1168,1604,0,1276321467,1276321470,1276321470,normal
192.168.4.119,4606,204.13.161.71,443,6,83,6475,123,155566,40,78,222,50,40,1264,1500,446,0,0,1,0,0,0,2,0,6,6,6,6,0,0,0,0,0,83,6475,123,155566,31,42,0,0,3328,4924,0,1276321464,1276321470,1276321470,normal
192.168.4.121,52011,192.168.5.122,80,6,69,5140,209,246044,40,74,222,42,40,1177,1500,472,5,1,95,11,95,0,95,6,106,106,106,106,0,0,0,0,0,69,5140,209,246044,29,66,0,0,2772,8384,0,1276321365,1276321471,1276321471,normal
192.168.4.119,4609,204.13.161.71,443,6,22,1995,27,26787,40,90,158,51,40,992,1500,612,0,0,1,0,0,0,1,0,2,2,2,2,0,0,0,0,0,22,1995,27,26787,11,11,0,0,888,1084,0,1276321470,1276321472,1276321472,normal
192.168.2.108,1397,92.52.75.103,80,6,22,1150,30,37438,40,52,183,38,40,1247,1420,447,0,4,100,21,100,3,100,18,103,103,103,103,0,0,0,0,0,22,1150,30,37438,2,2,0,0,888,1208,0,1276321370,1276321473,1276321473,normal
192.168.2.108,1398,85.232.60.28,80,6,33,1600,54,69303,40,48,146,26,40,1283,1500,500,0,3,100,17,0,1,100,13,105,105,105,105,0,0,0,0,0,33,1600,54,69303,3,3,0,0,1328,2168,0,1276321370,1276321475,1276321475,normal
192.168.2.108,1396,69.192.24.88,80,6,266,12176,464,663228,40,45,122,17,40,1429,1500,282,0,0,100,6,100,0,100,4,107,107,107,107,0,0,0,0,0,266,12176,464,663228,24,63,0,0,10760,18568,0,1276321369,1276321476,1276321476,normal
192.168.2.108,1400,69.192.24.88,80,6,119,5406,209,295070,40,45,98,16,40,1411,1500,313,0,0,100,9,100,0,100,6,103,103,103,103,0,0,0,0,0,119,5406,209,295070,11,29,0,0,4768,8368,0,1276321373,1276321476,1276321476,normal
192.168.4.121,52048,65.54.81.121,80,6,6,848,4,338,40,141,636,242,40,84,206,81,3,3,16,6,3,1,3,1,19,19,19,19,0,0,0,0,0,6,848,4,338,1,1,0,0,252,172,0,1276321460,1276321479,1276321463,normal
192.168.4.121,52042,69.192.24.166,80,6,6,345,4,548,40,57,133,37,40,137,416,186,0,20,100,44,100,33,100,57,100,100,100,100,0,0,0,0,0,6,345,4,548,1,1,0,0,252,172,0,1276321380,1276321480,1276321480,normal
192.168.4.121,52051,65.54.81.33,80,6,8,907,8,7445,40,113,615,202,40,930,1500,736,2,0,3,1,3,0,3,1,5,5,5,5,0,0,0,0,0,8,907,8,7445,1,1,0,0,332,332,0,1276321479,1276321484,1276321482,normal
192.168.4.119,4611,192.168.5.122,110,6,8,369,15,752,40,46,56,6,40,50,60,7,0,0,0,0,0,0,0,0,0,0,0,0,0,0,0,0,0,8,369,15,752,4,10,0,0,328,616,0,1276321493,1276321493,1276321493,normal
192.168.4.121,52050,65.54.81.44,80,6,6,848,4,338,40,141,636,242,40,84,206,81,3,4,17,7,3,1,3,1,20,20,20,20,0,0,0,0,0,6,848,4,338,1,1,0,0,252,172,0,1276321475,1276321495,1276321478,normal
192.168.2.113,4837,216.185.43.230,80,6,10,481,12,13426,40,48,113,22,40,1118,1500,651,0,11,100,33,0,9,100,30,100,100,100,100,0,0,0,0,0,10,481,12,13426,1,1,0,0,408,488,0,1276321396,1276321496,1276321496,normal
192.168.1.104,16437,216.27.18.244,80,6,104,6328,158,216370,40,60,181,47,40,1369,1500,361,1,1,99,9,101,0,101,8,105,105,105,105,0,0,0,0,0,104,6328,158,216370,17,17,0,0,4168,6328,0,1276321395,1276321500,1276321500,normal
192.168.2.108,1402,192.168.5.122,110,6,8,367,15,752,40,45,55,5,40,50,60,7,0,0,0,0,0,0,0,0,0,0,0,0,0,0,0,0,0,8,367,15,752,4,10,0,0,328,616,0,1276321501,1276321501,1276321501,normal
192.168.4.121,52052,65.54.81.165,80,6,6,848,4,339,40,141,636,242,40,84,207,81,3,3,12,5,3,1,3,1,15,15,15,15,0,0,0,0,0,6,848,4,339,1,1,0,0,252,172,0,1276321490,1276321505,1276321493,normal
192.168.2.113,4842,216.185.43.230,80,6,16,741,23,27579,40,46,133,23,40,1199,1500,588,1,6,99,25,0,4,101,21,102,102,102,102,0,0,0,0,0,16,741,23,27579,1,1,0,0,648,928,0,1276321413,1276321515,1276321515,normal
192.168.2.113,4846,216.185.43.230,80,6,10,482,12,12276,40,48,114,23,40,1023,1500,705,0,11,101,33,0,9,101,30,101,101,101,101,0,0,0,0,0,10,482,12,12276,1,1,0,0,408,488,0,1276321418,1276321519,1276321519,normal
192.168.4.121,52053,65.54.81.121,80,6,6,848,4,339,40,141,636,242,40,84,207,81,3,3,12,5,3,1,3,1,15,15,15,15,0,0,0,0,0,6,848,4,339,1,1,0,0,252,172,0,1276321505,1276321520,1276321508,normal
192.168.2.113,4849,72.14.204.148,80,6,7,573,5,872,40,81,187,68,40,174,500,201,0,16,100,40,1,25,100,49,101,101,101,101,0,0,0,0,0,7,573,5,872,2,2,0,0,288,208,0,1276321421,1276321522,1276321522,normal
192.168.2.113,4848,142.166.14.79,80,6,189,8872,334,463857,40,46,158,21,40,1388,1500,333,0,0,100,7,100,0,100,5,104,104,104,104,0,0,0,0,0,189,8872,334,463857,18,32,0,0,7568,13368,0,1276321420,1276321524,1276321524,normal
192.168.2.113,4852,142.166.14.72,80,6,27,1570,40,44266,40,58,154,38,40,1106,1500,609,0,3,100,19,100,2,100,16,102,102,102,102,0,0,0,0,0,27,1570,40,44266,5,10,0,0,1088,1608,0,1276321422,1276321524,1276321524,normal
192.168.2.113,4855,168.75.65.92,80,6,6,360,3,737,40,60,152,45,40,245,653,352,0,20,99,44,100,50,100,70,100,100,100,100,0,0,0,0,0,6,360,3,737,1,1,0,0,248,124,0,1276321424,1276321524,1276321524,normal
192.168.2.113,4856,142.166.14.77,80,6,6,364,4,643,40,60,156,46,40,160,515,236,0,20,99,44,100,33,100,57,100,100,100,100,0,0,0,0,0,6,364,4,643,1,1,0,0,248,168,0,1276321424,1276321524,1276321524,normal
192.168.4.121,52049,65.55.15.123,80,6,5,813,2,1136,40,162,641,267,44,568,1092,741,1,15,61,30,1,1,1,0,62,62,62,62,0,0,0,0,0,5,813,2,1136,1,1,0,0,212,84,0,1276321463,1276321525,1276321464,normal
192.168.1.104,16450,208.111.161.254,80,6,17,1617,23,9856,40,95,147,41,40,428,1071,456,0,4,69,17,3,3,69,14,73,73,73,73,0,0,0,0,0,17,1617,23,9856,11,10,0,0,688,928,0,1276321454,1276321527,1276321527,normal
192.168.1.104,16452,208.92.68.28,80,6,7,460,6,2184,40,65,138,41,40,364,1500,587,0,12,68,27,5,14,68,29,73,73,73,73,0,0,0,0,0,7,460,6,2184,2,1,0,0,288,248,0,1276321455,1276321528,1276321528,normal
192.168.1.104,16453,208.111.160.6,80,6,7,478,6,2426,40,68,147,46,40,404,1500,608,0,12,70,28,3,14,70,30,73,73,73,73,0,0,0,0,0,7,478,6,2426,2,1,0,0,288,248,0,1276321455,1276321528,1276321528,normal
192.168.1.104,16454,208.111.161.254,80,6,10,877,11,3164,40,87,153,49,40,287,761,343,0,8,70,23,3,7,70,22,73,73,73,73,0,0,0,0,0,10,877,11,3164,5,4,0,0,408,448,0,1276321455,1276321528,1276321528,normal
131.202.240.218,54271,192.168.5.122,80,6,5,384,5,1038,52,76,168,51,52,207,822,343,0,0,0,0,0,0,0,0,0,0,0,0,0,0,0,0,0,5,384,5,1038,1,1,0,0,268,268,0,1276321532,1276321532,1276321532,normal
192.168.4.121,52054,65.54.81.46,80,6,6,848,4,339,40,141,636,242,40,84,207,81,3,3,12,5,3,1,3,1,15,15,15,15,0,0,0,0,0,6,848,4,339,1,1,0,0,252,172,0,1276321520,1276321535,1276321523,normal
192.168.2.113,4857,216.185.43.230,80,6,11,522,14,15263,40,47,114,22,40,1090,1500,672,0,10,100,31,0,7,100,27,100,100,100,100,0,0,0,0,0,11,522,14,15263,1,1,0,0,448,568,0,1276321436,1276321536,1276321536,normal
192.168.1.101,4367,192.168.5.122,110,6,8,367,19,912,40,45,55,5,40,48,60,7,0,0,0,0,0,0,0,0,0,0,0,0,0,0,0,0,0,8,367,19,912,4,10,0,0,328,776,0,1276321542,1276321542,1276321542,normal
192.168.4.121,52055,65.54.81.44,80,6,6,848,4,339,40,141,636,242,40,84,207,81,3,3,12,5,3,1,3,1,15,15,15,15,0,0,0,0,0,6,848,4,339,1,1,0,0,252,172,0,1276321535,1276321550,1276321538,normal
192.168.4.118,4771,192.168.4.119,139,6,11,1429,10,1200,40,129,304,88,40,120,327,88,0,0,0,0,0,0,0,0,0,0,0,0,0,0,0,0,0,11,1429,10,1200,8,8,0,0,448,408,0,1276321552,1276321552,1276321552,normal
192.168.4.118,4772,192.168.4.119,139,6,11,1429,10,1155,40,129,304,88,40,115,327,85,0,0,0,0,0,0,0,0,0,0,0,0,0,0,0,0,0,11,1429,10,1155,8,8,0,0,448,408,0,1276321552,1276321552,1276321552,normal
192.168.1.104,16436,216.109.86.150,80,6,44,2174,75,93687,40,49,160,29,40,1249,1420,422,0,3,100,17,100,2,100,13,159,159,159,159,0,0,0,0,0,44,2174,75,93687,4,4,0,0,1768,3004,0,1276321395,1276321554,1276321554,normal
192.168.1.104,16447,69.192.16.80,443,6,8,592,7,3503,40,74,202,62,40,500,1500,685,0,14,100,37,100,16,100,40,100,100,100,100,0,0,0,0,0,8,592,7,3503,2,3,0,0,328,288,0,1276321454,1276321554,1276321554,normal
192.168.1.104,16443,216.109.86.150,443,6,43,3488,71,70324,40,81,358,67,40,990,1420,591,0,2,100,15,100,1,100,11,101,101,101,101,0,0,0,0,0,43,3488,71,70324,14,21,0,0,1728,2844,0,1276321453,1276321554,1276321554,normal
192.168.1.104,16462,192.168.1.101,139,6,11,1429,10,1119,40,129,304,88,40,111,327,84,0,0,0,0,0,0,0,0,0,0,0,0,0,0,0,0,0,11,1429,10,1119,8,8,0,0,448,408,0,1276321557,1276321557,1276321557,normal
192.168.4.121,52056,65.54.81.165,80,6,6,848,4,338,40,141,636,242,40,84,206,81,3,3,12,5,3,1,3,1,15,15,15,15,0,0,0,0,0,6,848,4,338,1,1,0,0,252,172,0,1276321550,1276321565,1276321553,normal
192.168.4.119,4608,204.13.161.71,443,6,42,2915,59,73724,40,69,180,47,40,1249,1500,492,0,2,100,15,100,1,100,13,103,103,103,103,0,0,0,0,0,42,2915,59,73724,12,16,0,0,1688,2364,0,1276321470,1276321573,1276321573,normal
192.168.4.119,4610,204.13.161.71,443,6,19,1509,21,24374,40,79,185,53,40,1160,1500,538,0,5,100,23,100,5,100,22,101,101,101,101,0,0,0,0,0,19,1509,21,24374,7,7,0,0,768,844,0,1276321472,1276321573,1276321573,normal
192.168.4.121,52057,65.54.81.46,80,6,6,848,4,339,40,141,636,242,40,84,207,81,3,3,12,5,3,1,3,1,15,15,15,15,0,0,0,0,0,6,848,4,339,1,1,0,0,252,172,0,1276321565,1276321580,1276321568,normal
192.168.2.112,1133,192.168.5.122,110,6,8,369,15,752,40,46,56,6,40,50,60,7,0,0,0,0,0,0,0,0,0,0,0,0,0,0,0,0,0,8,369,15,752,4,10,0,0,328,616,0,1276321585,1276321585,1276321585,normal
192.168.4.121,52058,65.54.81.46,80,6,6,848,5,379,40,141,636,242,40,75,207,73,3,3,12,5,3,3,12,5,15,15,15,15,0,0,0,0,0,6,848,5,379,1,1,0,0,252,212,0,1276321580,1276321595,1276321595,normal
192.168.2.109,4085,192.168.2.113,139,6,11,1429,10,1119,40,129,304,88,40,111,327,84,0,0,0,0,0,0,0,0,0,0,0,0,0,0,0,0,0,11,1429,10,1119,8,8,0,0,448,408,0,1276321598,1276321598,1276321598,normal
192.168.4.121,52059,65.54.81.46,80,6,6,848,4,339,40,141,636,242,40,84,207,81,3,3,12,5,3,1,3,1,15,15,15,15,0,0,0,0,0,6,848,4,339,1,1,0,0,252,172,0,1276321595,1276321610,1276321598,normal
192.168.4.118,4776,202.53.21.212,80,6,5,295,5,724,40,59,127,38,40,144,556,229,0,0,0,0,0,0,0,0,0,0,0,0,0,0,0,0,0,5,295,5,724,1,1,0,0,208,208,0,1276321620,1276321620,1276321620,normal
192.168.4.118,4778,202.210.143.140,80,6,5,306,5,434,40,61,138,43,40,86,266,100,0,0,1,0,0,0,1,0,1,1,1,1,0,0,0,0,0,5,306,5,434,1,1,0,0,208,208,0,1276321621,1276321622,1276321622,normal
192.168.4.118,4779,125.6.164.43,80,6,5,273,4,558,40,54,105,28,40,139,430,193,0,0,0,0,0,0,0,0,0,0,0,0,0,0,0,0,0,5,273,4,558,1,1,0,0,208,168,0,1276321622,1276321622,1276321622,normal
192.168.4.118,4781,125.6.164.43,80,6,5,284,4,907,40,56,116,33,40,226,779,368,0,0,0,0,0,0,0,0,0,0,0,0,0,0,0,0,0,5,284,4,907,1,1,0,0,208,168,0,1276321624,1276321624,1276321624,normal
192.168.4.121,52060,65.54.81.121,80,6,6,848,4,338,40,141,636,242,40,84,206,81,3,3,12,5,3,1,3,1,15,15,15,15,0,0,0,0,0,6,848,4,338,1,1,0,0,252,172,0,1276321610,1276321625,1276321613,normal
192.168.4.118,4782,202.53.21.212,80,6,5,271,5,724,40,54,103,27,40,144,556,229,0,0,1,0,0,0,1,0,1,1,1,1,0,0,0,0,0,5,271,5,724,1,1,0,0,208,208,0,1276321624,1276321625,1276321625,normal
192.168.4.118,4783,125.6.164.43,80,6,5,286,4,909,40,57,118,34,40,227,781,369,0,0,1,0,0,0,0,0,1,1,1,1,0,0,0,0,0,5,286,4,909,1,1,0,0,208,168,0,1276321625,1276321626,1276321626,normal
192.168.4.118,4780,125.6.164.41,80,6,23,988,36,46945,40,42,100,12,40,1304,1500,495,2,0,2,0,2,0,2,0,4,4,4,4,0,0,0,0,0,23,988,36,46945,1,4,0,0,928,1448,0,1276321622,1276321626,1276321626,normal
192.168.4.118,4784,202.53.21.212,80,6,5,271,5,724,40,54,103,27,40,144,556,229,0,0,0,0,1,0,1,0,1,1,1,1,0,0,0,0,0,5,271,5,724,1,1,0,0,208,208,0,1276321626,1276321626,1276321627,normal
192.168.2.106,3408,79.110.90.53,80,6,7,364,7,5182,40,52,116,28,40,740,1500,733,0,0,0,0,0,0,0,0,0,0,0,0,0,0,0,0,0,7,364,7,5182,1,1,0,0,288,284,0,1276321627,1276321627,1276321627,normal
192.168.2.106,3407,79.110.88.15,80,6,11,556,15,16707,40,50,148,32,40,1113,1500,662,0,0,0,0,0,0,0,0,0,0,0,0,0,0,0,0,0,11,556,15,16707,1,2,0,0,448,604,0,1276321627,1276321627,1276321627,normal
192.168.2.106,3409,79.110.90.53,80,6,6,327,7,3292,40,54,119,31,40,470,1500,704,0,0,0,0,0,0,0,0,0,0,0,0,0,0,0,0,0,6,327,7,3292,1,1,0,0,248,284,0,1276321627,1276321627,1276321627,normal
192.168.4.118,4785,125.6.164.43,80,6,5,286,4,909,40,57,118,34,40,227,781,369,0,0,1,0,0,0,0,0,1,1,1,1,0,0,0,0,0,5,286,4,909,1,1,0,0,208,168,0,1276321627,1276321628,1276321628,normal
192.168.2.106,3410,79.110.88.15,80,6,17,766,27,35994,40,45,118,18,40,1333,1500,466,0,0,1,0,0,0,1,0,1,1,1,1,0,0,0,0,0,17,766,27,35994,1,4,0,0,688,1084,0,1276321627,1276321628,1276321628,normal
192.168.4.118,4786,202.53.21.212,80,6,5,271,5,724,40,54,103,27,40,144,556,229,0,0,0,0,0,0,0,0,0,0,0,0,0,0,0,0,0,5,271,5,724,1,1,0,0,208,208,0,1276321628,1276321628,1276321628,normal
192.168.4.118,4787,125.6.164.43,80,6,5,286,4,909,40,57,118,34,40,227,781,369,0,0,1,0,0,0,1,0,1,1,1,1,0,0,0,0,0,5,286,4,909,1,1,0,0,208,168,0,1276321629,1276321630,1276321630,normal
192.168.4.118,4788,202.53.21.212,80,6,5,271,5,724,40,54,103,27,40,144,556,229,0,0,0,0,0,0,0,0,0,0,0,0,0,0,0,0,0,5,271,5,724,1,1,0,0,208,208,0,1276321630,1276321630,1276321630,normal
192.168.4.118,4789,125.6.164.43,80,6,5,286,4,909,40,57,118,34,40,227,781,369,0,0,0,0,1,0,1,0,1,1,1,1,0,0,0,0,0,5,286,4,909,1,1,0,0,208,168,0,1276321631,1276321631,1276321632,normal
192.168.4.118,4790,202.53.21.212,80,6,5,271,5,724,40,54,103,27,40,144,556,229,0,0,1,0,0,0,0,0,1,1,1,1,0,0,0,0,0,5,271,5,724,1,1,0,0,208,208,0,1276321631,1276321632,1276321632,normal
192.168.4.118,4791,125.6.164.43,80,6,5,286,4,909,40,57,118,34,40,227,781,369,0,0,0,0,1,0,1,0,1,1,1,1,0,0,0,0,0,5,286,4,909,1,1,0,0,208,168,0,1276321633,1276321633,1276321634,normal
192.168.4.118,4792,202.53.21.212,80,6,5,271,5,724,40,54,103,27,40,144,556,229,0,0,1,0,0,0,0,0,1,1,1,1,0,0,0,0,0,5,271,5,724,1,1,0,0,208,208,0,1276321633,1276321634,1276321634,normal
192.168.4.118,4793,125.6.164.43,80,6,5,284,4,907,40,56,116,33,40,226,779,368,0,0,0,0,0,0,0,0,0,0,0,0,0,0,0,0,0,5,284,4,907,1,1,0,0,208,168,0,1276321635,1276321635,1276321635,normal
192.168.4.118,4794,202.53.21.212,80,6,5,271,5,724,40,54,103,27,40,144,556,229,0,0,1,0,0,0,1,0,1,1,1,1,0,0,0,0,0,5,271,5,724,1,1,0,0,208,208,0,1276321635,1276321636,1276321636,normal
192.168.4.118,4795,125.6.164.43,80,6,5,284,4,907,40,56,116,33,40,226,779,368,0,0,1,0,0,0,0,0,1,1,1,1,0,0,0,0,0,5,284,4,907,1,1,0,0,208,168,0,1276321636,1276321637,1276321637,normal
192.168.4.118,4796,202.53.21.212,80,6,5,271,5,724,40,54,103,27,40,144,556,229,0,0,0,0,1,0,1,0,1,1,1,1,0,0,0,0,0,5,271,5,724,1,1,0,0,208,208,0,1276321637,1276321637,1276321638,normal
192.168.4.118,4798,202.53.21.212,80,6,5,271,5,724,40,54,103,27,40,144,556,229,0,0,0,0,1,0,1,0,1,1,1,1,0,0,0,0,0,5,271,5,724,1,1,0,0,208,208,0,1276321639,1276321639,1276321640,normal
192.168.4.121,52061,65.54.81.44,80,6,6,848,4,338,40,141,636,242,40,84,206,81,3,3,12,5,3,1,3,1,15,15,15,15,0,0,0,0,0,6,848,4,338,1,1,0,0,252,172,0,1276321625,1276321640,1276321628,normal
192.168.4.118,4799,125.6.164.43,80,6,5,284,4,907,40,56,116,33,40,226,779,368,0,0,1,0,0,0,1,0,1,1,1,1,0,0,0,0,0,5,284,4,907,1,1,0,0,208,168,0,1276321640,1276321641,1276321641,normal
192.168.4.118,4800,202.53.21.212,80,6,5,271,5,724,40,54,103,27,40,144,556,229,0,0,0,0,0,0,0,0,0,0,0,0,0,0,0,0,0,5,271,5,724,1,1,0,0,208,208,0,1276321641,1276321641,1276321641,normal
192.168.4.118,4801,125.6.164.43,80,6,5,284,4,907,40,56,116,33,40,226,779,368,0,0,1,0,0,0,1,0,1,1,1,1,0,0,0,0,0,5,284,4,907,1,1,0,0,208,168,0,1276321642,1276321643,1276321643,normal
192.168.4.118,4802,202.53.21.212,80,6,5,271,5,724,40,54,103,27,40,144,556,229,0,0,0,0,0,0,0,0,0,0,0,0,0,0,0,0,0,5,271,5,724,1,1,0,0,208,208,0,1276321643,1276321643,1276321643,normal
192.168.4.118,4803,125.6.164.43,80,6,5,284,4,907,40,56,116,33,40,226,779,368,0,0,0,0,1,0,1,0,1,1,1,1,0,0,0,0,0,5,284,4,907,1,1,0,0,208,168,0,1276321644,1276321644,1276321645,normal
192.168.4.118,4805,202.53.21.212,80,6,5,271,5,724,40,54,103,27,40,144,556,229,0,0,1,0,0,0,0,0,1,1,1,1,0,0,0,0,0,5,271,5,724,1,1,0,0,208,208,0,1276321644,1276321645,1276321645,normal
192.168.4.118,4806,125.6.164.43,80,6,5,284,4,907,40,56,116,33,40,226,779,368,0,0,0,0,0,0,0,0,0,0,0,0,0,0,0,0,0,5,284,4,907,1,1,0,0,208,168,0,1276321646,1276321646,1276321646,normal
192.168.4.118,4807,202.53.21.212,80,6,5,271,5,724,40,54,103,27,40,144,556,229,0,0,1,0,0,0,1,0,1,1,1,1,0,0,0,0,0,5,271,5,724,1,1,0,0,208,208,0,1276321646,1276321647,1276321647,normal
192.168.4.118,4808,125.6.164.43,80,6,5,284,4,907,40,56,116,33,40,226,779,368,0,0,0,0,0,0,0,0,0,0,0,0,0,0,0,0,0,5,284,4,907,1,1,0,0,208,168,0,1276321648,1276321648,1276321648,normal
192.168.4.118,4809,202.53.21.212,80,6,5,271,5,724,40,54,103,27,40,144,556,229,0,0,1,0,0,0,1,0,1,1,1,1,0,0,0,0,0,5,271,5,724,1,1,0,0,208,208,0,1276321648,1276321649,1276321649,normal
192.168.4.118,4810,125.6.164.43,80,6,5,284,4,907,40,56,116,33,40,226,779,368,0,0,0,0,0,0,0,0,0,0,0,0,0,0,0,0,0,5,284,4,907,1,1,0,0,208,168,0,1276321650,1276321650,1276321650,normal
192.168.4.118,4811,202.53.21.212,80,6,5,271,5,724,40,54,103,27,40,144,556,229,0,0,0,0,1,0,1,0,1,1,1,1,0,0,0,0,0,5,271,5,724,1,1,0,0,208,208,0,1276321650,1276321650,1276321651,normal
192.168.4.118,4812,125.6.164.43,80,6,5,284,4,907,40,56,116,33,40,226,779,368,0,0,1,0,0,0,0,0,1,1,1,1,0,0,0,0,0,5,284,4,907,1,1,0,0,208,168,0,1276321651,1276321652,1276321652,normal
192.168.4.118,4813,202.53.21.212,80,6,5,271,5,724,40,54,103,27,40,144,556,229,0,0,0,0,1,0,1,0,1,1,1,1,0,0,0,0,0,5,271,5,724,1,1,0,0,208,208,0,1276321652,1276321652,1276321653,normal
192.168.4.118,4814,125.6.164.43,80,6,5,286,4,909,40,57,118,34,40,227,781,369,0,0,1,0,0,0,1,0,1,1,1,1,0,0,0,0,0,5,286,4,909,1,1,0,0,208,168,0,1276321653,1276321654,1276321654,normal
192.168.4.118,4815,202.53.21.212,80,6,5,271,5,724,40,54,103,27,40,144,556,229,0,0,0,0,0,0,0,0,0,0,0,0,0,0,0,0,0,5,271,5,724,1,1,0,0,208,208,0,1276321654,1276321654,1276321654,normal
192.168.4.121,52062,65.54.81.165,80,6,6,848,4,339,40,141,636,242,40,84,207,81,3,3,12,5,3,1,3,1,15,15,15,15,0,0,0,0,0,6,848,4,339,1,1,0,0,252,172,0,1276321640,1276321655,1276321643,normal
192.168.4.118,4816,125.6.164.43,80,6,5,284,4,907,40,56,116,33,40,226,779,368,0,0,1,0,0,0,1,0,1,1,1,1,0,0,0,0,0,5,284,4,907,1,1,0,0,208,168,0,1276321655,1276321656,1276321656,normal
192.168.4.118,4817,202.53.21.212,80,6,5,271,5,724,40,54,103,27,40,144,556,229,0,0,0,0,0,0,0,0,0,0,0,0,0,0,0,0,0,5,271,5,724,1,1,0,0,208,208,0,1276321656,1276321656,1276321656,normal
192.168.4.118,4819,202.53.21.212,80,6,5,271,5,724,40,54,103,27,40,144,556,229,0,0,1,0,0,0,0,0,1,1,1,1,0,0,0,0,0,5,271,5,724,1,1,0,0,208,208,0,1276321657,1276321658,1276321658,normal
192.168.4.118,4820,125.6.164.43,80,6,5,284,4,907,40,56,116,33,40,226,779,368,0,0,0,0,0,0,0,0,0,0,0,0,0,0,0,0,0,5,284,4,907,1,1,0,0,208,168,0,1276321659,1276321659,1276321659,normal
192.168.4.118,4821,202.53.21.212,80,6,5,271,5,724,40,54,103,27,40,144,556,229,0,0,1,0,0,0,1,0,1,1,1,1,0,0,0,0,0,5,271,5,724,1,1,0,0,208,208,0,1276321659,1276321660,1276321660,normal
192.168.4.118,4822,125.6.164.43,80,6,5,284,4,907,40,56,116,33,40,226,779,368,0,0,0,0,0,0,0,0,0,0,0,0,0,0,0,0,0,5,284,4,907,1,1,0,0,208,168,0,1276321661,1276321661,1276321661,normal
192.168.4.118,4823,202.53.21.212,80,6,5,271,5,724,40,54,103,27,40,144,556,229,0,0,1,0,0,0,1,0,1,1,1,1,0,0,0,0,0,5,271,5,724,1,1,0,0,208,208,0,1276321661,1276321662,1276321662,normal
192.168.1.105,16857,192.168.5.122,110,6,8,367,15,752,40,45,55,5,40,50,60,7,0,0,0,0,0,0,0,0,0,0,0,0,0,0,0,0,0,8,367,15,752,4,10,0,0,328,616,0,1276321663,1276321663,1276321663,normal
192.168.4.118,4825,202.53.21.212,80,6,5,271,5,724,40,54,103,27,40,144,556,229,0,0,0,0,1,0,1,0,1,1,1,1,0,0,0,0,0,5,271,5,724,1,1,0,0,208,208,0,1276321663,1276321663,1276321664,normal
192.168.2.113,4858,216.185.43.230,80,6,11,534,14,15729,40,48,126,25,40,1123,1500,632,0,10,100,31,0,7,100,27,101,101,101,101,0,0,0,0,0,11,534,14,15729,1,1,0,0,448,568,0,1276321563,1276321664,1276321664,normal
192.168.4.118,4826,125.6.164.43,80,6,5,286,4,909,40,57,118,34,40,227,781,369,0,0,1,0,0,0,0,0,1,1,1,1,0,0,0,0,0,5,286,4,909,1,1,0,0,208,168,0,1276321664,1276321665,1276321665,normal
192.168.4.118,4827,202.53.21.212,80,6,5,271,5,724,40,54,103,27,40,144,556,229,0,0,0,0,1,0,1,0,1,1,1,1,0,0,0,0,0,5,271,5,724,1,1,0,0,208,208,0,1276321665,1276321665,1276321666,normal
192.168.4.118,4828,125.6.164.43,80,6,5,286,4,909,40,57,118,34,40,227,781,369,0,0,1,0,0,0,1,0,1,1,1,1,0,0,0,0,0,5,286,4,909,1,1,0,0,208,168,0,1276321666,1276321667,1276321667,normal
192.168.4.118,4829,202.53.21.212,80,6,5,271,5,724,40,54,103,27,40,144,556,229,0,0,0,0,0,0,0,0,0,0,0,0,0,0,0,0,0,5,271,5,724,1,1,0,0,208,208,0,1276321667,1276321667,1276321667,normal
192.168.4.118,4831,202.53.21.212,80,6,5,271,5,724,40,54,103,27,40,144,556,229,0,0,1,0,0,0,0,0,1,1,1,1,0,0,0,0,0,5,271,5,724,1,1,0,0,208,208,0,1276321668,1276321669,1276321669,normal
192.168.4.121,52063,65.54.81.121,80,6,6,848,4,339,40,141,636,242,40,84,207,81,3,3,12,5,3,1,3,1,15,15,15,15,0,0,0,0,0,6,848,4,339,1,1,0,0,252,172,0,1276321655,1276321670,1276321658,normal
192.168.4.118,4832,125.6.164.43,80,6,5,284,4,907,40,56,116,33,40,226,779,368,0,0,0,0,1,0,1,0,1,1,1,1,0,0,0,0,0,5,284,4,907,1,1,0,0,208,168,0,1276321670,1276321670,1276321671,normal
192.168.4.118,4833,202.53.21.212,80,6,5,271,5,724,40,54,103,27,40,144,556,229,0,0,1,0,0,0,0,0,1,1,1,1,0,0,0,0,0,5,271,5,724,1,1,0,0,208,208,0,1276321670,1276321671,1276321671,normal
192.168.4.118,4834,125.6.164.43,80,6,5,286,4,909,40,57,118,34,40,227,781,369,0,0,0,0,0,0,0,0,0,0,0,0,0,0,0,0,0,5,286,4,909,1,1,0,0,208,168,0,1276321672,1276321672,1276321672,normal
192.168.4.118,4835,202.53.21.212,80,6,5,271,5,724,40,54,103,27,40,144,556,229,0,0,1,0,0,0,1,0,1,1,1,1,0,0,0,0,0,5,271,5,724,1,1,0,0,208,208,0,1276321672,1276321673,1276321673,normal
192.168.4.118,4836,125.6.164.43,80,6,5,286,4,909,40,57,118,34,40,227,781,369,0,0,0,0,0,0,0,0,0,0,0,0,0,0,0,0,0,5,286,4,909,1,1,0,0,208,168,0,1276321674,1276321674,1276321674,normal
192.168.4.118,4837,202.53.21.212,80,6,5,271,5,724,40,54,103,27,40,144,556,229,0,0,0,0,1,0,1,0,1,1,1,1,0,0,0,0,0,5,271,5,724,1,1,0,0,208,208,0,1276321674,1276321674,1276321675,normal
192.168.4.118,4838,125.6.164.43,80,6,5,284,4,907,40,56,116,33,40,226,779,368,0,0,1,0,0,0,0,0,1,1,1,1,0,0,0,0,0,5,284,4,907,1,1,0,0,208,168,0,1276321675,1276321676,1276321676,normal
192.168.4.118,4839,202.53.21.212,80,6,5,271,5,724,40,54,103,27,40,144,556,229,0,0,0,0,1,0,1,0,1,1,1,1,0,0,0,0,0,5,271,5,724,1,1,0,0,208,208,0,1276321676,1276321676,1276321677,normal
192.168.4.118,4840,125.6.164.43,80,6,5,284,4,907,40,56,116,33,40,226,779,368,0,0,1,0,0,0,1,0,1,1,1,1,0,0,0,0,0,5,284,4,907,1,1,0,0,208,168,0,1276321677,1276321678,1276321678,normal
192.168.4.118,4841,202.53.21.212,80,6,5,271,5,724,40,54,103,27,40,144,556,229,0,0,0,0,0,0,0,0,0,0,0,0,0,0,0,0,0,5,271,5,724,1,1,0,0,208,208,0,1276321678,1276321678,1276321678,normal
192.168.4.118,4842,125.6.164.43,80,6,5,286,4,909,40,57,118,34,40,227,781,369,0,0,0,0,1,0,1,0,1,1,1,1,0,0,0,0,0,5,286,4,909,1,1,0,0,208,168,0,1276321679,1276321679,1276321680,normal
192.168.4.118,4843,202.53.21.212,80,6,5,271,5,724,40,54,103,27,40,144,556,229,0,0,1,0,0,0,0,0,1,1,1,1,0,0,0,0,0,5,271,5,724,1,1,0,0,208,208,0,1276321679,1276321680,1276321680,normal
192.168.4.118,4844,125.6.164.43,80,6,5,286,4,909,40,57,118,34,40,227,781,369,0,0,0,0,0,0,0,0,0,0,0,0,0,0,0,0,0,5,286,4,909,1,1,0,0,208,168,0,1276321681,1276321681,1276321681,normal
192.168.4.118,4845,202.53.21.212,80,6,5,271,5,724,40,54,103,27,40,144,556,229,0,0,1,0,0,0,1,0,1,1,1,1,0,0,0,0,0,5,271,5,724,1,1,0,0,208,208,0,1276321681,1276321682,1276321682,normal
192.168.4.120,3105,192.168.5.122,110,6,8,369,17,872,40,46,56,6,40,51,60,7,0,0,3,1,0,0,3,0,3,3,3,3,0,0,0,0,0,8,369,17,872,4,12,0,0,328,696,0,1276321680,1276321683,1276321683,normal
192.168.4.118,4847,202.53.21.212,80,6,5,271,5,724,40,54,103,27,40,144,556,229,0,0,1,0,0,0,1,0,1,1,1,1,0,0,0,0,0,5,271,5,724,1,1,0,0,208,208,0,1276321683,1276321684,1276321684,normal
192.168.4.121,52064,65.54.81.46,80,6,6,848,4,337,40,141,636,242,40,84,205,80,3,3,12,5,3,1,3,1,15,15,15,15,0,0,0,0,0,6,848,4,337,1,1,0,0,252,172,0,1276321670,1276321685,1276321673,normal
192.168.4.118,4848,125.6.164.43,80,6,5,284,4,907,40,56,116,33,40,226,779,368,0,0,0,0,0,0,0,0,0,0,0,0,0,0,0,0,0,5,284,4,907,1,1,0,0,208,168,0,1276321685,1276321685,1276321685,normal
192.168.4.118,4849,202.53.21.212,80,6,5,271,5,724,40,54,103,27,40,144,556,229,0,0,0,0,1,0,1,0,1,1,1,1,0,0,0,0,0,5,271,5,724,1,1,0,0,208,208,0,1276321685,1276321685,1276321686,normal
192.168.4.118,4850,125.6.164.43,80,6,5,284,4,907,40,56,116,33,40,226,779,368,0,0,1,0,0,0,0,0,1,1,1,1,0,0,0,0,0,5,284,4,907,1,1,0,0,208,168,0,1276321686,1276321687,1276321687,normal
192.168.4.118,4851,202.53.21.212,80,6,5,271,5,724,40,54,103,27,40,144,556,229,0,0,0,0,1,0,1,0,1,1,1,1,0,0,0,0,0,5,271,5,724,1,1,0,0,208,208,0,1276321687,1276321687,1276321688,normal
192.168.4.118,4852,125.6.164.43,80,6,5,286,4,909,40,57,118,34,40,227,781,369,0,0,1,0,0,0,1,0,1,1,1,1,0,0,0,0,0,5,286,4,909,1,1,0,0,208,168,0,1276321688,1276321689,1276321689,normal
192.168.4.118,4853,202.53.21.212,80,6,5,271,5,724,40,54,103,27,40,144,556,229,0,0,0,0,0,0,0,0,0,0,0,0,0,0,0,0,0,5,271,5,724,1,1,0,0,208,208,0,1276321689,1276321689,1276321689,normal
192.168.4.118,4855,202.53.21.212,80,6,5,271,5,724,40,54,103,27,40,144,556,229,0,0,0,0,0,0,0,0,0,0,0,0,0,0,0,0,0,5,271,5,724,1,1,0,0,208,208,0,1276321691,1276321691,1276321691,normal
192.168.4.118,4856,125.6.164.43,80,6,5,284,4,907,40,56,116,33,40,226,779,368,0,0,0,0,1,0,1,0,1,1,1,1,0,0,0,0,0,5,284,4,907,1,1,0,0,208,168,0,1276321692,1276321692,1276321693,normal
192.168.4.118,4857,202.53.21.212,80,6,5,271,5,724,40,54,103,27,40,144,556,229,0,0,1,0,0,0,0,0,1,1,1,1,0,0,0,0,0,5,271,5,724,1,1,0,0,208,208,0,1276321692,1276321693,1276321693,normal
192.168.4.118,4858,125.6.164.43,80,6,5,284,4,907,40,56,116,33,40,226,779,368,0,0,1,0,0,0,0,0,1,1,1,1,0,0,0,0,0,5,284,4,907,1,1,0,0,208,168,0,1276321695,1276321696,1276321696,normal
192.168.4.118,4859,202.53.21.212,80,6,5,271,5,724,40,54,103,27,40,144,556,229,0,0,0,0,1,0,1,0,1,1,1,1,0,0,0,0,0,5,271,5,724,1,1,0,0,208,208,0,1276321696,1276321696,1276321697,normal
192.168.4.118,4860,125.6.164.43,80,6,5,286,4,909,40,57,118,34,40,227,781,369,0,0,0,0,0,0,0,0,0,0,0,0,0,0,0,0,0,5,286,4,909,1,1,0,0,208,168,0,1276321698,1276321698,1276321698,normal
192.168.4.118,4861,202.53.21.212,80,6,5,271,5,724,40,54,103,27,40,144,556,229,0,0,1,0,0,0,1,0,1,1,1,1,0,0,0,0,0,5,271,5,724,1,1,0,0,208,208,0,1276321698,1276321699,1276321699,normal
192.168.4.121,52065,65.54.81.44,80,6,6,848,4,339,40,141,636,242,40,84,207,81,3,3,12,5,3,1,3,1,15,15,15,15,0,0,0,0,0,6,848,4,339,1,1,0,0,252,172,0,1276321685,1276321700,1276321688,normal
192.168.4.118,4863,202.53.21.212,80,6,5,271,5,724,40,54,103,27,40,144,556,229,0,0,1,0,0,0,1,0,1,1,1,1,0,0,0,0,0,5,271,5,724,1,1,0,0,208,208,0,1276321700,1276321701,1276321701,normal
192.168.4.118,4864,125.6.164.43,80,6,5,286,4,909,40,57,118,34,40,227,781,369,0,0,0,0,0,0,0,0,0,0,0,0,0,0,0,0,0,5,286,4,909,1,1,0,0,208,168,0,1276321702,1276321702,1276321702,normal
192.168.4.118,4865,202.53.21.212,80,6,5,271,5,724,40,54,103,27,40,144,556,229,0,0,0,0,1,0,1,0,1,1,1,1,0,0,0,0,0,5,271,5,724,1,1,0,0,208,208,0,1276321702,1276321702,1276321703,normal
192.168.4.118,4866,125.6.164.43,80,6,5,286,4,909,40,57,118,34,40,227,781,369,0,0,0,0,0,0,0,0,0,0,0,0,0,0,0,0,0,5,286,4,909,1,1,0,0,208,168,0,1276321704,1276321704,1276321704,normal
192.168.2.112,1134,192.168.5.122,110,6,8,369,15,752,40,46,56,6,40,50,60,7,0,0,0,0,0,0,0,0,0,0,0,0,0,0,0,0,0,8,369,15,752,4,10,0,0,328,616,0,1276321705,1276321705,1276321705,normal
192.168.4.118,4867,202.53.21.212,80,6,5,271,5,724,40,54,103,27,40,144,556,229,0,0,0,0,1,0,1,0,1,1,1,1,0,0,0,0,0,5,271,5,724,1,1,0,0,208,208,0,1276321704,1276321704,1276321705,normal
192.168.4.118,4868,125.6.164.43,80,6,5,286,4,909,40,57,118,34,40,227,781,369,0,0,0,0,1,0,1,0,1,1,1,1,0,0,0,0,0,5,286,4,909,1,1,0,0,208,168,0,1276321708,1276321708,1276321709,normal
192.168.4.118,4869,202.53.21.212,80,6,5,271,5,724,40,54,103,27,40,144,556,229,0,0,1,0,0,0,0,0,1,1,1,1,0,0,0,0,0,5,271,5,724,1,1,0,0,208,208,0,1276321708,1276321709,1276321709,normal
192.168.1.103,1901,192.168.1.101,139,6,11,1429,10,1254,40,129,304,88,40,125,327,94,0,0,0,0,0,0,0,0,0,0,0,0,0,0,0,0,0,11,1429,10,1254,8,8,0,0,448,408,0,1276321711,1276321711,1276321711,normal
192.168.1.103,1902,192.168.1.101,139,6,11,1429,10,1155,40,129,304,88,40,115,327,85,0,0,0,0,0,0,0,0,0,0,0,0,0,0,0,0,0,11,1429,10,1155,8,8,0,0,448,408,0,1276321711,1276321711,1276321711,normal
192.168.4.118,4871,202.53.21.212,80,6,5,271,5,724,40,54,103,27,40,144,556,229,0,0,0,0,0,0,0,0,0,0,0,0,0,0,0,0,0,5,271,5,724,1,1,0,0,208,208,0,1276321711,1276321711,1276321711,normal
192.168.4.118,4872,125.6.164.43,80,6,5,284,4,907,40,56,116,33,40,226,779,368,0,0,1,0,0,0,1,0,1,1,1,1,0,0,0,0,0,5,284,4,907,1,1,0,0,208,168,0,1276321712,1276321713,1276321713,normal
192.168.4.118,4873,202.53.21.212,80,6,5,271,5,724,40,54,103,27,40,144,556,229,0,0,0,0,0,0,0,0,0,0,0,0,0,0,0,0,0,5,271,5,724,1,1,0,0,208,208,0,1276321713,1276321713,1276321713,normal
192.168.4.118,4874,125.6.164.43,80,6,5,284,4,907,40,56,116,33,40,226,779,368,0,0,1,0,0,0,1,0,1,1,1,1,0,0,0,0,0,5,284,4,907,1,1,0,0,208,168,0,1276321714,1276321715,1276321715,normal
192.168.4.121,52066,65.54.81.165,80,6,6,848,4,338,40,141,636,242,40,84,206,81,3,3,12,5,3,1,3,1,15,15,15,15,0,0,0,0,0,6,848,4,338,1,1,0,0,252,172,0,1276321700,1276321715,1276321703,normal
192.168.4.118,4875,202.53.21.212,80,6,5,271,5,724,40,54,103,27,40,144,556,229,0,0,0,0,0,0,0,0,0,0,0,0,0,0,0,0,0,5,271,5,724,1,1,0,0,208,208,0,1276321715,1276321715,1276321715,normal
192.168.1.104,16463,192.168.5.122,143,6,16,881,32,3324,40,55,84,14,40,103,349,93,0,0,0,0,0,0,0,0,0,0,0,0,0,0,0,0,0,16,881,32,3324,12,26,0,0,648,1296,0,1276321717,1276321717,1276321717,normal
192.168.1.104,16464,192.168.5.122,143,6,14,875,27,4644,40,62,201,41,40,172,479,154,0,0,0,0,0,0,0,0,0,0,0,0,0,0,0,0,0,14,875,27,4644,10,22,0,0,568,1096,0,1276321717,1276321717,1276321717,normal
192.168.4.118,4876,125.6.164.43,80,6,5,284,4,907,40,56,116,33,40,226,779,368,0,0,0,0,1,0,1,0,1,1,1,1,0,0,0,0,0,5,284,4,907,1,1,0,0,208,168,0,1276321716,1276321716,1276321717,normal
192.168.4.118,4877,202.53.21.212,80,6,5,271,5,724,40,54,103,27,40,144,556,229,0,0,1,0,0,0,0,0,1,1,1,1,0,0,0,0,0,5,271,5,724,1,1,0,0,208,208,0,1276321716,1276321717,1276321717,normal
192.168.4.118,4879,202.53.21.212,80,6,5,271,5,724,40,54,103,27,40,144,556,229,0,0,1,0,0,0,0,0,1,1,1,1,0,0,0,0,0,5,271,5,724,1,1,0,0,208,208,0,1276321718,1276321719,1276321719,normal
192.168.4.118,4880,125.6.164.43,80,6,5,281,4,558,40,56,113,31,40,139,430,193,0,0,0,0,0,0,0,0,0,0,0,0,0,0,0,0,0,5,281,4,558,1,1,0,0,208,168,0,1276321720,1276321720,1276321720,normal
192.168.4.118,4882,125.6.164.43,80,6,5,281,4,558,40,56,113,31,40,139,430,193,0,0,0,0,0,0,0,0,0,0,0,0,0,0,0,0,0,5,281,4,558,1,1,0,0,208,168,0,1276321722,1276321722,1276321722,normal
192.168.4.118,4883,125.6.164.41,80,6,22,924,36,46945,40,42,76,7,40,1304,1500,495,0,0,1,0,1,0,1,0,2,2,2,2,0,0,0,0,0,22,924,36,46945,1,4,0,0,888,1448,0,1276321722,1276321723,1276321724,normal
192.168.4.118,4884,125.6.164.43,80,6,5,281,4,558,40,56,113,31,40,139,430,193,0,0,1,0,0,0,0,0,1,1,1,1,0,0,0,0,0,5,281,4,558,1,1,0,0,208,168,0,1276321723,1276321724,1276321724,normal
192.168.4.118,4881,125.6.164.41,80,6,23,964,36,46945,40,41,76,7,40,1304,1500,495,2,0,2,0,2,0,2,0,4,4,4,4,0,0,0,0,0,23,964,36,46945,1,4,0,0,928,1448,0,1276321720,1276321724,1276321724,normal
192.168.4.118,4885,125.6.164.41,80,6,22,924,36,46945,40,42,76,7,40,1304,1500,495,0,0,1,0,0,0,1,0,1,1,1,1,0,0,0,0,0,22,924,36,46945,1,4,0,0,888,1448,0,1276321724,1276321725,1276321725,normal
192.168.4.118,4886,125.6.164.43,80,6,5,281,4,558,40,56,113,31,40,139,430,193,0,0,1,0,0,0,1,0,1,1,1,1,0,0,0,0,0,5,281,4,558,1,1,0,0,208,168,0,1276321725,1276321726,1276321726,normal
192.168.4.118,4889,125.6.164.43,80,6,5,288,4,558,40,57,120,35,40,139,430,193,0,0,1,0,0,0,0,0,1,1,1,1,0,0,0,0,0,5,288,4,558,1,1,0,0,208,168,0,1276321726,1276321727,1276321727,normal
192.168.4.118,4890,125.6.164.41,80,6,21,884,36,46945,40,42,76,7,40,1304,1500,495,0,0,1,0,0,0,1,0,1,1,1,1,0,0,0,0,0,21,884,36,46945,1,12,0,0,848,1448,0,1276321727,1276321728,1276321728,normal
192.168.4.118,4891,125.6.164.43,80,6,5,280,4,558,40,56,112,31,40,139,430,193,0,0,0,0,0,0,0,0,0,0,0,0,0,0,0,0,0,5,280,4,558,1,1,0,0,208,168,0,1276321728,1276321728,1276321728,normal
192.168.4.118,4888,125.6.164.41,80,6,23,964,36,46945,40,41,76,7,40,1304,1500,495,3,0,3,0,3,0,3,0,3,3,3,3,0,0,0,0,0,23,964,36,46945,1,12,0,0,928,1448,0,1276321726,1276321729,1276321729,normal
192.168.4.118,4892,125.6.164.41,80,6,22,924,36,46945,40,42,76,7,40,1304,1500,495,0,0,1,0,0,0,1,0,1,1,1,1,0,0,0,0,0,22,924,36,46945,1,12,0,0,888,1448,0,1276321728,1276321729,1276321729,normal
192.168.4.118,4893,125.6.164.43,80,6,5,281,4,558,40,56,113,31,40,139,430,193,0,0,0,0,1,0,1,0,1,1,1,1,0,0,0,0,0,5,281,4,558,1,1,0,0,208,168,0,1276321729,1276321729,1276321730,normal
192.168.4.121,52067,65.54.81.46,80,6,6,848,4,339,40,141,636,242,40,84,207,81,3,3,12,5,3,1,3,1,15,15,15,15,0,0,0,0,0,6,848,4,339,1,1,0,0,252,172,0,1276321715,1276321730,1276321718,normal
192.168.4.118,4894,125.6.164.41,80,6,22,924,36,46945,40,42,76,7,40,1304,1500,495,0,0,1,0,1,0,1,0,2,2,2,2,0,0,0,0,0,22,924,36,46945,1,12,0,0,888,1448,0,1276321729,1276321730,1276321731,normal
192.168.4.118,4895,125.6.164.43,80,6,5,281,4,558,40,56,113,31,40,139,430,193,0,0,1,0,0,0,0,0,1,1,1,1,0,0,0,0,0,5,281,4,558,1,1,0,0,208,168,0,1276321730,1276321731,1276321731,normal
192.168.2.106,3411,192.168.2.113,139,6,11,1429,10,1335,40,129,304,88,40,133,327,108,0,0,0,0,0,0,0,0,0,0,0,0,0,0,0,0,0,11,1429,10,1335,8,8,0,0,448,408,0,1276321733,1276321733,1276321733,normal
192.168.2.106,3412,192.168.2.113,139,6,11,1429,10,1155,40,129,304,88,40,115,327,85,0,0,0,0,0,0,0,0,0,0,0,0,0,0,0,0,0,11,1429,10,1155,8,8,0,0,448,408,0,1276321733,1276321733,1276321733,normal
192.168.4.118,4896,125.6.164.41,80,6,28,1360,38,47025,40,48,76,10,40,1237,1500,556,0,0,1,0,0,0,1,0,2,2,2,2,0,0,0,0,0,28,1360,38,47025,1,17,0,0,1324,1528,0,1276321731,1276321733,1276321733,normal
192.168.2.108,1403,192.168.5.122,110,6,8,367,15,752,40,45,55,5,40,50,60,7,0,0,0,0,0,0,0,0,0,0,0,0,0,0,0,0,0,8,367,15,752,4,10,0,0,328,616,0,1276321741,1276321741,1276321741,normal
192.168.4.121,52068,65.54.81.46,80,6,6,848,5,378,40,141,636,242,40,75,206,73,3,3,12,5,3,3,12,5,15,15,15,15,0,0,0,0,0,6,848,5,378,1,1,0,0,252,212,0,1276321730,1276321745,1276321745,normal
192.168.1.104,16469,204.13.200.58,80,6,9,499,10,9578,40,55,171,43,40,957,1500,709,0,0,0,0,0,0,0,0,0,0,0,0,0,0,0,0,0,9,499,10,9578,1,1,0,0,368,408,0,1276321752,1276321752,1276321752,normal
192.168.4.121,52069,65.54.81.46,80,6,6,848,4,339,40,141,636,242,40,84,207,81,3,3,12,5,3,1,3,1,15,15,15,15,0,0,0,0,0,6,848,4,339,1,1,0,0,252,172,0,1276321745,1276321760,1276321748,normal
192.168.2.110,1982,142.166.14.77,80,6,9,580,6,2259,40,64,121,35,40,376,1315,493,0,12,100,35,100,20,100,44,100,100,100,100,0,0,0,0,0,9,580,6,2259,3,3,0,0,368,248,0,1276321663,1276321763,1276321763,normal
192.168.2.110,1981,69.84.133.138,80,6,31,1576,45,56020,40,50,118,24,40,1244,1420,404,0,3,100,18,0,2,100,15,101,101,101,101,0,0,0,0,0,31,1576,45,56020,5,5,0,0,1248,1808,0,1276321662,1276321763,1276321763,normal
192.168.1.105,16858,192.168.1.101,139,6,11,1429,10,1119,40,129,304,88,40,111,327,84,0,0,0,0,0,0,0,0,0,0,0,0,0,0,0,0,0,11,1429,10,1119,8,8,0,0,448,408,0,1276321772,1276321772,1276321772,normal
192.168.4.121,52070,65.54.81.121,80,6,6,848,4,338,40,141,636,242,40,84,206,81,3,3,12,5,3,1,3,1,15,15,15,15,0,0,0,0,0,6,848,4,338,1,1,0,0,252,172,0,1276321760,1276321775,1276321763,normal
192.168.4.121,52071,65.54.81.44,80,6,6,848,4,338,40,141,636,242,40,84,206,81,3,3,12,5,3,1,3,1,15,15,15,15,0,0,0,0,0,6,848,4,338,1,1,0,0,252,172,0,1276321775,1276321790,1276321778,normal
192.168.2.109,4086,192.168.5.122,110,6,8,367,15,752,40,45,55,5,40,50,60,7,0,0,0,0,0,0,0,0,0,0,0,0,0,0,0,0,0,8,367,15,752,4,10,0,0,328,616,0,1276321790,1276321790,1276321790,normal
192.168.4.121,52072,65.54.81.165,80,6,6,848,4,339,40,141,636,242,40,84,207,81,3,3,12,5,3,1,3,1,15,15,15,15,0,0,0,0,0,6,848,4,339,1,1,0,0,252,172,0,1276321790,1276321805,1276321793,normal
192.168.4.121,52074,192.168.5.122,143,6,22,1253,43,4208,40,56,87,16,40,97,349,81,0,0,0,0,0,0,0,0,0,0,0,0,0,0,0,0,0,22,1253,43,4208,18,38,0,0,892,1744,0,1276321807,1276321807,1276321807,normal
192.168.4.121,52075,192.168.5.122,143,6,14,726,28,3506,40,51,73,10,40,125,353,116,0,0,0,0,0,0,0,0,0,0,0,0,0,0,0,0,0,14,726,28,3506,10,24,0,0,572,1144,0,1276321807,1276321807,1276321807,normal
192.168.4.121,52076,192.168.5.122,143,6,14,719,28,3506,40,51,73,9,40,125,353,116,0,0,0,0,0,0,0,0,0,0,0,0,0,0,0,0,0,14,719,28,3506,10,24,0,0,572,1144,0,1276321807,1276321807,1276321807,normal
192.168.4.121,52077,192.168.5.122,143,6,15,951,30,4988,40,63,212,42,40,166,506,151,0,0,1,0,0,0,1,0,1,1,1,1,0,0,0,0,0,15,951,30,4988,11,26,0,0,612,1224,0,1276321807,1276321808,1276321808,normal
192.168.4.121,52078,192.168.5.122,143,6,15,957,30,4778,40,63,212,42,40,159,492,147,0,0,0,0,0,0,0,0,0,0,0,0,0,0,0,0,0,15,957,30,4778,11,26,0,0,612,1224,0,1276321808,1276321808,1276321808,normal
192.168.4.121,52079,192.168.5.122,143,6,15,956,30,4670,40,63,212,42,40,155,548,154,0,0,0,0,0,0,0,0,0,0,0,0,0,0,0,0,0,15,956,30,4670,11,26,0,0,612,1224,0,1276321808,1276321808,1276321808,normal
192.168.2.110,1984,66.235.126.96,80,6,25,1110,41,56356,40,44,142,20,40,1374,1500,397,0,0,1,0,0,0,1,0,1,1,1,1,0,0,0,0,0,25,1110,41,56356,1,1,0,0,1008,1644,0,1276321810,1276321811,1276321811,normal
192.168.4.121,52073,65.54.81.121,80,6,6,848,4,339,40,141,636,242,40,84,207,81,3,3,12,5,3,1,3,1,15,15,15,15,0,0,0,0,0,6,848,4,339,1,1,0,0,252,172,0,1276321805,1276321820,1276321808,normal
192.168.2.112,1135,192.168.5.122,110,6,8,369,15,752,40,46,56,6,40,50,60,7,0,0,0,0,0,0,0,0,0,0,0,0,0,0,0,0,0,8,369,15,752,4,10,0,0,328,616,0,1276321825,1276321825,1276321825,normal
131.202.240.218,38268,192.168.5.122,80,6,5,384,5,1038,52,76,168,51,52,207,822,343,0,0,0,0,0,0,0,0,0,0,0,0,0,0,0,0,0,5,384,5,1038,1,1,0,0,268,268,0,1276321833,1276321833,1276321833,normal
192.168.4.121,52080,65.54.81.46,80,6,6,848,4,338,40,141,636,242,40,84,206,81,3,3,12,5,3,1,3,1,15,15,15,15,0,0,0,0,0,6,848,4,338,1,1,0,0,252,172,0,1276321820,1276321835,1276321823,normal
192.168.2.106,3413,192.168.5.122,110,6,8,367,15,752,40,45,55,5,40,50,60,7,0,0,0,0,0,0,0,0,0,0,0,0,0,0,0,0,0,8,367,15,752,4,10,0,0,328,616,0,1276321837,1276321837,1276321837,normal
192.168.4.121,52081,65.54.81.44,80,6,6,848,4,339,40,141,636,242,40,84,207,81,3,3,12,5,3,1,3,1,15,15,15,15,0,0,0,0,0,6,848,4,339,1,1,0,0,252,172,0,1276321835,1276321850,1276321838,normal
192.168.1.104,16465,216.109.86.150,80,6,50,2190,91,121553,40,43,140,18,40,1335,1420,313,0,2,100,14,100,1,100,10,101,101,101,101,0,0,0,0,0,50,2190,91,121553,2,2,0,0,2008,3644,0,1276321749,1276321850,1276321850,normal
192.168.4.121,52082,65.54.81.165,80,6,6,848,4,338,40,141,636,242,40,84,206,81,3,3,12,5,3,1,3,1,15,15,15,15,0,0,0,0,0,6,848,4,338,1,1,0,0,252,172,0,1276321850,1276321865,1276321853,normal
192.168.4.121,52083,65.54.81.46,80,6,6,848,4,339,40,141,636,242,40,84,207,81,3,3,12,5,3,1,3,1,15,15,15,15,0,0,0,0,0,6,848,4,339,1,1,0,0,252,172,0,1276321865,1276321880,1276321868,normal
192.168.2.113,4860,216.185.43.230,80,6,9,463,10,10618,40,51,135,31,40,1061,1500,703,0,12,100,35,0,11,100,33,100,100,100,100,0,0,0,0,0,9,463,10,10618,1,1,0,0,368,408,0,1276321786,1276321886,1276321886,normal
192.168.4.121,52084,65.54.81.46,80,6,6,848,5,378,40,141,636,242,40,75,206,73,3,3,12,5,3,3,12,5,15,15,15,15,0,0,0,0,0,6,848,5,378,1,1,0,0,252,212,0,1276321880,1276321895,1276321895,normal
192.168.1.103,1903,192.168.5.122,143,6,16,881,32,3324,40,55,84,14,40,103,349,93,0,0,0,0,0,0,0,0,0,0,0,0,0,0,0,0,0,16,881,32,3324,12,26,0,0,648,1296,0,1276321902,1276321902,1276321902,normal
192.168.1.103,1904,192.168.5.122,143,6,14,875,28,4710,40,62,201,41,40,168,482,154,0,0,0,0,0,0,0,0,0,0,0,0,0,0,0,0,0,14,875,28,4710,10,22,0,0,568,1136,0,1276321902,1276321902,1276321902,normal
192.168.4.121,52085,65.54.81.46,80,6,6,848,4,339,40,141,636,242,40,84,207,81,3,3,12,5,3,1,3,1,15,15,15,15,0,0,0,0,0,6,848,4,339,1,1,0,0,252,172,0,1276321895,1276321910,1276321898,normal
192.168.2.110,1983,69.192.16.80,443,6,48,2304,79,97608,40,48,206,27,40,1235,1500,543,0,2,100,14,100,1,100,11,102,102,102,102,0,0,0,0,0,48,2304,79,97608,2,20,0,0,2036,3168,0,1276321810,1276321912,1276321912,normal
192.168.4.121,52086,65.54.81.121,80,6,6,848,4,338,40,141,636,242,40,84,206,81,3,3,12,5,3,1,3,1,15,15,15,15,0,0,0,0,0,6,848,4,338,1,1,0,0,252,172,0,1276321910,1276321925,1276321913,normal
192.168.3.117,4697,192.168.3.114,139,6,11,1429,10,1119,40,129,304,88,40,111,327,84,0,0,0,0,0,0,0,0,0,0,0,0,0,0,0,0,0,11,1429,10,1119,8,8,0,0,448,408,0,1276321929,1276321929,1276321929,normal
192.168.4.121,52087,65.54.81.44,80,6,6,848,4,338,40,141,636,242,40,84,206,81,3,3,12,5,3,1,3,1,15,15,15,15,0,0,0,0,0,6,848,4,338,1,1,0,0,252,172,0,1276321925,1276321940,1276321928,normal
192.168.2.112,1136,192.168.5.122,110,6,8,369,15,752,40,46,56,6,40,50,60,7,0,0,0,0,0,0,0,0,0,0,0,0,0,0,0,0,0,8,369,15,752,4,10,0,0,328,616,0,1276321945,1276321945,1276321945,normal
192.168.3.115,4029,69.192.18.155,80,6,66,2938,113,152626,40,44,143,19,40,1350,1500,437,0,1,48,6,6,0,48,5,104,104,104,104,0,0,0,0,0,66,2938,113,152626,3,13,0,0,2656,4576,0,1276321841,1276321945,1276321945,normal
192.168.4.121,52088,65.54.81.165,80,6,6,848,4,339,40,141,636,242,40,84,207,81,3,3,12,5,3,1,3,1,15,15,15,15,0,0,0,0,0,6,848,4,339,1,1,0,0,252,172,0,1276321940,1276321955,1276321943,normal
192.168.2.110,1985,66.235.126.95,80,6,38,1592,65,92415,40,41,104,10,40,1421,1500,318,0,0,1,0,0,0,1,0,1,1,1,1,0,0,0,0,0,38,1592,65,92415,1,1,0,0,1528,2604,0,1276321958,1276321959,1276321959,normal
192.168.2.113,4863,142.166.14.71,80,6,6,349,4,542,40,58,141,40,40,135,414,185,0,20,99,44,100,33,100,57,100,100,100,100,0,0,0,0,0,6,349,4,542,1,1,0,0,248,168,0,1276321860,1276321960,1276321960,normal
192.168.2.113,4862,66.220.147.33,80,6,10,552,13,11615,40,55,124,30,40,893,1500,697,1,11,100,33,0,8,101,29,101,101,101,101,0,0,0,0,0,10,552,13,11615,2,5,0,0,408,528,0,1276321860,1276321961,1276321961,normal
192.168.1.105,16859,192.168.5.122,110,6,8,367,15,752,40,45,55,5,40,50,60,7,0,0,0,0,0,0,0,0,0,0,0,0,0,0,0,0,0,8,367,15,752,4,10,0,0,328,616,0,1276321963,1276321963,1276321963,normal
192.168.4.121,52089,65.54.81.121,80,6,6,848,4,339,40,141,636,242,40,84,207,81,3,3,12,5,3,1,3,1,15,15,15,15,0,0,0,0,0,6,848,4,339,1,1,0,0,252,172,0,1276321955,1276321970,1276321958,normal
192.168.1.104,16475,216.109.86.150,80,6,5,318,5,1514,40,63,150,48,40,302,1350,585,0,0,0,0,0,0,0,0,0,0,0,0,0,0,0,0,0,5,318,5,1514,1,1,0,0,208,204,0,1276321971,1276321971,1276321971,normal
192.168.56.1,54958,75.127.97.72,80,6,9,903,7,21471,52,100,479,142,52,3067,14532,5481,5,11,83,29,5,1,5,2,90,90,90,90,0,0,0,0,0,9,903,7,21471,1,2,0,0,476,372,0,1276321883,1276321973,1276321890,attack
192.168.56.1,54962,75.127.97.72,80,6,9,1002,7,21557,52,111,578,175,52,3079,14532,5475,5,11,83,29,5,1,5,2,90,90,90,90,0,0,0,0,0,9,1002,7,21557,1,2,0,0,476,372,0,1276321883,1276321973,1276321890,attack
192.168.56.1,54964,75.127.97.72,80,6,9,774,7,21472,52,86,350,99,52,3067,14532,5480,5,11,83,29,5,1,5,2,90,90,90,90,0,0,0,0,0,9,774,7,21472,1,2,0,0,476,372,0,1276321883,1276321973,1276321890,attack
192.168.56.1,54970,75.127.97.72,80,6,7,1146,5,4761,52,163,826,292,52,952,4396,1926,5,15,82,32,5,2,5,2,90,90,90,90,0,0,0,0,0,7,1146,5,4761,1,1,0,0,372,268,0,1276321883,1276321973,1276321891,attack
192.168.56.1,54974,75.127.97.72,80,6,9,869,7,21546,52,96,445,130,52,3078,14532,5476,5,11,80,27,5,1,5,2,90,90,90,90,0,0,0,0,0,9,869,7,21546,1,2,0,0,476,372,0,1276321883,1276321973,1276321893,attack
192.168.56.1,54979,75.127.97.72,80,6,9,984,7,21539,52,109,560,169,52,3077,14532,5476,5,11,80,27,5,1,5,2,90,90,90,90,0,0,0,0,0,9,984,7,21539,1,2,0,0,476,372,0,1276321883,1276321973,1276321893,attack
192.168.56.1,54984,75.127.97.72,80,6,9,805,7,21488,52,89,381,109,52,3069,14532,5479,6,11,74,25,6,2,9,3,90,90,90,90,0,0,0,0,0,9,805,7,21488,1,2,0,0,476,372,0,1276321883,1276321973,1276321899,attack
192.168.56.1,54988,75.127.97.72,80,6,9,890,7,21547,52,98,466,137,52,3078,14532,5476,1,11,74,25,1,2,10,4,90,90,90,90,0,0,0,0,0,9,890,7,21547,1,2,0,0,476,372,0,1276321883,1276321973,1276321899,attack
192.168.56.1,54956,75.127.97.72,80,6,9,762,7,21460,52,84,338,95,52,3065,14532,5481,1,11,83,29,1,1,5,1,90,90,90,90,0,0,0,0,0,9,762,7,21460,1,2,0,0,476,372,0,1276321883,1276321973,1276321890,attack
192.168.56.1,54990,75.127.97.72,80,6,9,822,7,21445,52,91,398,115,52,3063,14532,5482,1,11,74,25,1,2,9,3,90,90,90,90,0,0,0,0,0,9,822,7,21445,1,2,0,0,476,372,0,1276321883,1276321973,1276321899,attack
192.168.56.1,54960,75.127.97.72,80,6,7,762,5,4729,52,108,442,146,52,945,4396,1929,5,15,83,33,5,1,5,2,90,90,90,90,0,0,0,0,0,7,762,5,4729,1,1,0,0,372,268,0,1276321883,1276321973,1276321890,attack
192.168.56.1,54965,75.127.97.72,80,6,9,803,7,21536,52,89,379,108,52,3076,14532,5476,5,11,83,29,5,1,5,2,90,90,90,90,0,0,0,0,0,9,803,7,21536,1,2,0,0,476,372,0,1276321883,1276321973,1276321890,attack
192.168.56.1,54998,75.127.97.72,80,6,9,981,7,21464,52,109,557,168,52,3066,14532,5481,1,11,74,25,1,2,10,4,90,90,90,90,0,0,0,0,0,9,981,7,21464,1,2,0,0,476,372,0,1276321883,1276321973,1276321899,attack
192.168.56.1,54968,75.127.97.72,80,6,9,991,7,21520,52,110,567,171,52,3074,14532,5477,5,11,83,29,5,1,5,2,90,90,90,90,0,0,0,0,0,9,991,7,21520,1,2,0,0,476,372,0,1276321883,1276321973,1276321890,attack
192.168.56.1,55000,75.127.97.72,80,6,9,860,7,21548,52,95,436,127,52,3078,14532,5475,8,11,42,15,8,8,22,9,90,90,90,90,0,0,0,0,0,9,860,7,21548,1,2,0,0,476,372,0,1276321883,1276321973,1276321931,attack
192.168.56.1,54971,75.127.97.72,80,6,9,758,7,21434,52,84,334,93,52,3062,14532,5483,5,11,82,28,5,1,5,2,90,90,90,90,0,0,0,0,0,9,758,7,21434,1,2,0,0,476,372,0,1276321883,1276321973,1276321891,attack
192.168.56.1,55005,75.127.97.72,80,6,9,919,7,21524,52,102,495,147,52,3074,14532,5477,6,11,50,17,6,6,22,8,90,90,90,90,0,0,0,0,0,9,919,7,21524,1,2,0,0,476,372,0,1276321883,1276321973,1276321923,attack
192.168.56.1,55011,75.127.97.72,80,6,7,827,5,4845,52,118,507,171,52,969,4396,1918,7,15,49,21,7,10,34,16,90,90,90,90,0,0,0,0,0,7,827,5,4845,1,1,0,0,372,268,0,1276321883,1276321973,1276321924,attack
192.168.56.1,54973,75.127.97.72,80,6,7,752,5,4763,52,107,432,143,52,952,4396,1925,5,15,80,31,5,2,5,2,90,90,90,90,0,0,0,0,0,7,752,5,4763,1,1,0,0,372,268,0,1276321883,1276321973,1276321893,attack
192.168.56.1,54978,75.127.97.72,80,6,7,893,5,4837,52,127,573,196,52,967,4396,1919,5,15,80,31,5,2,5,2,90,90,90,90,0,0,0,0,0,7,893,5,4837,1,1,0,0,372,268,0,1276321883,1276321973,1276321893,attack
192.168.56.1,55022,75.127.97.72,80,6,9,1057,7,21454,52,117,633,193,52,3064,14532,5482,8,11,58,20,8,5,24,9,90,90,90,90,0,0,0,0,0,9,1057,7,21454,1,2,0,0,476,372,0,1276321883,1276321973,1276321915,attack
192.168.56.1,55110,75.127.97.72,80,6,12,2477,6,4856,52,206,421,189,52,809,4396,1758,8,8,58,17,8,6,22,9,90,90,90,90,0,0,0,0,0,12,2477,6,4856,5,1,0,0,632,328,0,1276321883,1276321973,1276321915,attack
192.168.56.1,55060,75.127.97.72,80,6,9,894,7,21515,52,99,470,139,52,3073,14532,5478,9,11,57,20,9,5,24,9,90,90,90,90,0,0,0,0,0,9,894,7,21515,1,2,0,0,476,372,0,1276321883,1276321973,1276321916,attack
192.168.56.1,55069,75.127.97.72,80,6,7,666,5,3070,52,95,346,110,52,614,1500,766,10,15,55,21,10,16,55,26,90,90,90,90,0,0,0,0,0,7,666,5,3070,1,1,0,0,372,268,0,1276321883,1276321973,1276321948,attack
192.168.56.1,55076,75.127.97.72,80,6,7,791,5,4826,52,113,471,157,52,965,4396,1920,6,15,50,21,6,14,50,24,90,90,90,90,0,0,0,0,0,7,791,5,4826,1,1,0,0,372,268,0,1276321883,1276321973,1276321939,attack
192.168.56.1,55301,75.127.97.72,80,6,20,5604,7,400,52,280,506,231,40,57,60,7,1,3,21,5,2,11,35,12,70,70,70,70,0,0,0,0,0,20,5604,7,400,10,0,0,0,1064,400,0,1276321903,1276321973,1276321973,attack
192.168.56.1,54996,75.127.97.72,80,6,9,935,7,21466,52,103,511,152,52,3066,14532,5481,1,11,73,25,1,2,10,4,90,90,90,90,0,0,0,0,0,9,935,7,21466,1,2,0,0,476,372,0,1276321883,1276321973,1276321900,attack
192.168.56.1,55041,75.127.97.72,80,6,7,792,5,3006,52,113,472,158,52,601,1500,750,5,15,77,30,5,20,77,37,90,90,90,90,0,0,0,0,0,7,792,5,3006,1,1,0,0,372,268,0,1276321883,1276321973,1276321965,attack
192.168.56.1,55044,75.127.97.72,80,6,9,772,7,21472,52,85,348,98,52,3067,14532,5480,8,11,58,20,8,5,24,9,90,90,90,90,0,0,0,0,0,9,772,7,21472,1,2,0,0,476,372,0,1276321883,1276321973,1276321915,attack
192.168.56.1,55050,75.127.97.72,80,6,9,898,7,21462,52,99,474,140,52,3066,14532,5481,8,11,58,20,8,5,24,9,90,90,90,90,0,0,0,0,0,9,898,7,21462,1,2,0,0,476,372,0,1276321883,1276321973,1276321915,attack
192.168.56.1,55063,75.127.97.72,80,6,7,804,5,7097,52,114,484,162,52,1419,5844,2513,7,15,59,23,6,16,59,28,90,90,90,90,0,0,0,0,0,7,804,5,7097,1,1,0,0,372,268,0,1276321883,1276321973,1276321948,attack
192.168.56.1,55071,75.127.97.72,80,6,6,836,4,4086,52,139,568,210,52,1021,2948,1363,2,18,88,39,0,29,88,50,90,90,90,90,0,0,0,0,0,6,836,4,4086,1,1,0,0,320,216,0,1276321883,1276321973,1276321971,attack
192.168.56.1,55078,75.127.97.72,80,6,7,834,5,7116,52,119,514,174,52,1423,5844,2513,7,15,58,23,7,16,58,28,90,90,90,90,0,0,0,0,0,7,834,5,7116,1,1,0,0,372,268,0,1276321883,1276321973,1276321948,attack
192.168.56.1,55052,75.127.97.72,80,6,7,726,5,4781,52,103,406,133,52,956,4396,1924,8,15,58,23,8,8,24,11,90,90,90,90,0,0,0,0,0,7,726,5,4781,1,1,0,0,372,268,0,1276321883,1276321973,1276321915,attack
192.168.56.1,55061,75.127.97.72,80,6,9,898,7,21513,52,99,474,140,52,3073,14532,5478,11,11,53,19,11,6,26,10,90,90,90,90,0,0,0,0,0,9,898,7,21513,1,2,0,0,476,372,0,1276321883,1276321973,1276321920,attack
192.168.56.1,54992,75.127.97.72,80,6,9,1120,7,21545,52,124,696,214,52,3077,14532,5476,1,11,74,25,1,2,10,4,90,90,90,90,0,0,0,0,0,9,1120,7,21545,1,2,0,0,476,372,0,1276321883,1276321973,1276321899,attack
192.168.56.1,54997,75.127.97.72,80,6,9,771,7,21438,52,85,347,98,52,3062,14532,5483,2,11,74,25,2,2,9,3,90,90,90,90,0,0,0,0,0,9,771,7,21438,1,2,0,0,476,372,0,1276321883,1276321973,1276321899,attack
192.168.56.1,55075,75.127.97.72,80,6,5,848,3,1495,52,169,632,258,52,498,1383,766,3,22,87,43,87,43,87,61,90,90,90,90,0,0,0,0,0,5,848,3,1495,1,1,0,0,268,164,0,1276321883,1276321973,1276321970,attack
192.168.56.1,55085,75.127.97.72,80,6,7,732,5,3501,52,104,412,135,52,700,2948,1264,10,15,55,21,10,16,55,26,90,90,90,90,0,0,0,0,0,7,732,5,3501,1,1,0,0,372,268,0,1276321883,1276321973,1276321948,attack
192.168.56.1,55018,75.127.97.72,80,6,7,787,5,21397,52,112,467,156,52,4279,14532,6216,39,15,51,23,0,12,51,25,90,90,90,90,0,0,0,0,0,7,787,5,21397,1,1,0,0,372,268,0,1276321883,1276321973,1276321934,attack
192.168.56.1,55299,75.127.97.72,80,6,18,6284,7,400,52,349,586,272,40,57,60,7,1,4,21,6,2,11,38,13,70,70,70,70,0,0,0,0,0,18,6284,7,400,10,0,0,0,944,400,0,1276321903,1276321973,1276321973,attack
192.168.56.1,55300,75.127.97.72,80,6,20,6264,7,400,52,313,572,265,40,57,60,7,1,3,21,5,2,11,35,12,70,70,70,70,0,0,0,0,0,20,6264,7,400,10,0,0,0,1064,400,0,1276321903,1276321973,1276321973,attack
192.168.56.1,55049,75.127.97.72,80,6,9,961,7,21493,52,106,537,161,52,3070,14532,5479,12,11,53,19,12,6,25,10,90,90,90,90,0,0,0,0,0,9,961,7,21493,1,2,0,0,476,372,0,1276321883,1276321973,1276321920,attack
192.168.56.1,55073,75.127.97.72,80,6,7,771,5,3010,52,110,451,150,52,602,1500,751,10,15,55,21,10,16,55,26,90,90,90,90,0,0,0,0,0,7,771,5,3010,1,1,0,0,372,268,0,1276321883,1276321973,1276321948,attack
192.168.56.1,55080,75.127.97.72,80,6,9,793,7,21440,52,88,369,105,52,3062,14532,5483,1,11,58,20,1,5,23,9,90,90,90,90,0,0,0,0,0,9,793,7,21440,1,2,0,0,476,372,0,1276321883,1276321973,1276321915,attack
192.168.56.1,54977,75.127.97.72,80,6,9,919,7,21517,52,102,495,147,52,3073,14532,5477,5,11,80,27,5,1,5,2,90,90,90,90,0,0,0,0,0,9,919,7,21517,1,2,0,0,476,372,0,1276321883,1276321973,1276321893,attack
192.168.56.1,54981,75.127.97.72,80,6,7,697,5,4751,52,99,377,122,52,950,4396,1927,5,15,80,31,5,2,5,2,90,90,90,90,0,0,0,0,0,7,697,5,4751,1,1,0,0,372,268,0,1276321883,1276321973,1276321893,attack
192.168.56.1,54986,75.127.97.72,80,6,9,944,7,21493,52,104,520,155,52,3070,14532,5479,1,11,75,25,1,2,9,3,90,90,90,90,0,0,0,0,0,9,944,7,21493,1,2,0,0,476,372,0,1276321883,1276321973,1276321898,attack
192.168.56.1,54993,75.127.97.72,80,6,9,1032,7,21473,52,114,608,185,52,3067,14532,5480,1,11,74,25,1,2,9,3,90,90,90,90,0,0,0,0,0,9,1032,7,21473,1,2,0,0,476,372,0,1276321883,1276321973,1276321899,attack
192.168.56.1,55035,75.127.97.72,80,6,7,719,5,4756,52,102,399,130,52,951,4396,1926,11,15,53,21,11,9,26,12,90,90,90,90,0,0,0,0,0,7,719,5,4756,1,1,0,0,372,268,0,1276321883,1276321973,1276321920,attack
192.168.56.1,55043,75.127.97.72,80,6,7,910,5,4807,52,130,590,202,52,961,4396,1921,7,15,49,21,7,10,34,16,90,90,90,90,0,0,0,0,0,7,910,5,4807,1,1,0,0,372,268,0,1276321883,1276321973,1276321924,attack
192.168.56.1,55046,75.127.97.72,80,6,9,737,7,21445,52,81,313,86,52,3063,14532,5482,8,11,58,20,8,5,24,9,90,90,90,90,0,0,0,0,0,9,737,7,21445,1,2,0,0,476,372,0,1276321883,1276321973,1276321915,attack
192.168.56.1,55068,75.127.97.72,80,6,9,1021,7,21432,52,113,597,181,52,3061,14532,5483,4,11,53,18,4,6,24,9,90,90,90,90,0,0,0,0,0,9,1021,7,21432,1,2,0,0,476,372,0,1276321883,1276321973,1276321920,attack
192.168.56.1,55074,75.127.97.72,80,6,5,613,3,1348,52,122,397,153,52,449,1236,681,2,22,88,43,88,44,88,62,90,90,90,90,0,0,0,0,0,5,613,3,1348,1,1,0,0,268,164,0,1276321883,1276321973,1276321971,attack
192.168.56.1,55083,75.127.97.72,80,6,9,775,7,21471,52,86,351,99,52,3067,14532,5481,1,11,58,20,1,5,23,9,90,90,90,90,0,0,0,0,0,9,775,7,21471,1,2,0,0,476,372,0,1276321883,1276321973,1276321915,attack
192.168.56.1,55093,75.127.97.72,80,6,9,873,7,21470,52,97,449,132,52,3067,14532,5481,8,11,50,17,8,6,23,9,90,90,90,90,0,0,0,0,0,9,873,7,21470,1,2,0,0,476,372,0,1276321883,1276321973,1276321923,attack
192.168.56.1,55053,75.127.97.72,80,6,7,990,5,4802,52,141,670,233,52,960,4396,1922,11,15,53,21,11,9,26,12,90,90,90,90,0,0,0,0,0,7,990,5,4802,1,1,0,0,372,268,0,1276321883,1276321973,1276321920,attack
192.168.56.1,55064,75.127.97.72,80,6,7,819,5,4766,52,117,499,168,52,953,4396,1925,11,15,53,21,11,9,26,12,90,90,90,90,0,0,0,0,0,7,819,5,4766,1,1,0,0,372,268,0,1276321883,1276321973,1276321920,attack
192.168.56.1,55072,75.127.97.72,80,6,9,896,7,21541,52,99,472,139,52,3077,14532,5476,8,11,58,20,8,5,24,9,90,90,90,90,0,0,0,0,0,9,896,7,21541,1,2,0,0,476,372,0,1276321883,1276321973,1276321915,attack
192.168.56.1,55081,75.127.97.72,80,6,9,948,7,21505,52,105,524,157,52,3072,14532,5478,5,11,41,16,5,9,41,16,90,90,90,90,0,0,0,0,0,9,948,7,21505,1,2,0,0,476,372,0,1276321883,1276321973,1276321942,attack
192.168.56.1,55087,75.127.97.72,80,6,9,979,7,21500,52,108,555,167,52,3071,14532,5479,8,11,58,20,8,5,24,9,90,90,90,90,0,0,0,0,0,9,979,7,21500,1,2,0,0,476,372,0,1276321883,1276321973,1276321915,attack
192.168.56.1,54963,75.127.97.72,80,6,9,900,7,21534,52,100,476,141,52,3076,14532,5476,5,11,83,29,5,1,5,2,90,90,90,90,0,0,0,0,0,9,900,7,21534,1,2,0,0,476,372,0,1276321883,1276321973,1276321890,attack
192.168.56.1,55272,75.127.97.72,80,6,19,4384,7,400,52,230,390,172,40,57,60,7,1,4,23,7,2,12,44,16,77,77,77,77,0,0,0,0,0,19,4384,7,400,10,0,0,0,1004,400,0,1276321896,1276321973,1276321973,attack
192.168.56.1,54967,75.127.97.72,80,6,9,950,7,21449,52,105,526,157,52,3064,14532,5482,5,11,83,29,5,1,5,2,90,90,90,90,0,0,0,0,0,9,950,7,21449,1,2,0,0,476,372,0,1276321883,1276321973,1276321890,attack
192.168.56.1,54972,75.127.97.72,80,6,7,983,5,4779,52,140,663,230,52,955,4396,1924,5,15,82,32,5,2,5,2,90,90,90,90,0,0,0,0,0,7,983,5,4779,1,1,0,0,372,268,0,1276321883,1276321973,1276321891,attack
192.168.56.1,54976,75.127.97.72,80,6,7,806,5,4806,52,115,486,163,52,961,4396,1921,5,15,80,31,5,2,5,2,90,90,90,90,0,0,0,0,0,7,806,5,4806,1,1,0,0,372,268,0,1276321883,1276321973,1276321893,attack
192.168.56.1,54980,75.127.97.72,80,6,9,938,7,21490,52,104,514,153,52,3070,14532,5479,2,11,74,25,2,2,9,3,90,90,90,90,0,0,0,0,0,9,938,7,21490,1,2,0,0,476,372,0,1276321883,1276321973,1276321899,attack
192.168.56.1,54987,75.127.97.72,80,6,9,900,7,21470,52,100,476,141,52,3067,14532,5481,1,11,74,25,1,2,10,4,90,90,90,90,0,0,0,0,0,9,900,7,21470,1,2,0,0,476,372,0,1276321883,1276321973,1276321899,attack
192.168.56.1,54991,75.127.97.72,80,6,9,806,7,21528,52,89,382,109,52,3075,14532,5477,1,11,74,25,1,2,9,3,90,90,90,90,0,0,0,0,0,9,806,7,21528,1,2,0,0,476,372,0,1276321883,1276321973,1276321899,attack
192.168.56.1,54994,75.127.97.72,80,6,9,796,7,21469,52,88,372,106,52,3067,14532,5481,1,11,74,25,1,2,10,4,90,90,90,90,0,0,0,0,0,9,796,7,21469,1,2,0,0,476,372,0,1276321883,1276321973,1276321899,attack
192.168.56.1,55002,75.127.97.72,80,6,7,760,5,21391,52,108,440,146,52,4278,14532,6217,40,15,50,23,0,12,50,25,90,90,90,90,0,0,0,0,0,7,760,5,21391,1,1,0,0,372,268,0,1276321883,1276321973,1276321933,attack
192.168.56.1,55013,75.127.97.72,80,6,9,919,7,21534,52,102,495,147,52,3076,14532,5476,6,11,48,16,6,7,22,9,90,90,90,90,0,0,0,0,0,9,919,7,21534,1,2,0,0,476,372,0,1276321883,1276321973,1276321925,attack
192.168.56.1,55016,75.127.97.72,80,6,9,928,7,21476,52,103,504,150,52,3068,14532,5480,7,11,38,14,7,8,23,11,90,90,90,90,0,0,0,0,0,9,928,7,21476,1,2,0,0,476,372,0,1276321883,1276321973,1276321935,attack
192.168.56.1,55028,75.127.97.72,80,6,7,759,5,21364,52,108,439,145,52,4272,14532,6221,56,15,56,24,0,8,34,17,90,90,90,90,0,0,0,0,0,7,759,5,21364,1,1,0,0,372,268,0,1276321883,1276321973,1276321917,attack
192.168.56.1,55037,75.127.97.72,80,6,9,909,7,21541,52,101,485,144,52,3077,14532,5476,8,11,58,20,8,5,24,9,90,90,90,90,0,0,0,0,0,9,909,7,21541,1,2,0,0,476,372,0,1276321883,1276321973,1276321915,attack
192.168.56.1,55062,75.127.97.72,80,6,7,791,5,4079,52,113,471,157,52,815,2948,1255,7,15,74,29,7,20,74,35,90,90,90,90,0,0,0,0,0,7,791,5,4079,1,1,0,0,372,268,0,1276321883,1276321973,1276321964,attack
192.168.56.1,55070,75.127.97.72,80,6,7,740,5,4767,52,105,420,138,52,953,4396,1925,11,15,53,21,11,9,26,12,90,90,90,90,0,0,0,0,0,7,740,5,4767,1,1,0,0,372,268,0,1276321883,1276321973,1276321920,attack
192.168.56.1,55082,75.127.97.72,80,6,9,1029,7,21523,52,114,605,184,52,3074,14532,5477,11,11,53,19,11,6,26,10,90,90,90,90,0,0,0,0,0,9,1029,7,21523,1,2,0,0,476,372,0,1276321883,1276321973,1276321920,attack
192.168.56.1,55284,75.127.97.72,80,6,21,5694,7,400,52,271,509,232,40,57,60,7,1,3,21,5,2,11,38,13,77,77,77,77,0,0,0,0,0,21,5694,7,400,10,0,0,0,1124,400,0,1276321896,1276321973,1276321973,attack
192.168.56.1,55036,75.127.97.72,80,6,9,873,7,21436,52,97,449,132,52,3062,14532,5483,8,11,58,20,8,5,24,9,90,90,90,90,0,0,0,0,0,9,873,7,21436,1,2,0,0,476,372,0,1276321883,1276321973,1276321915,attack
192.168.56.1,55042,75.127.97.72,80,6,9,897,7,21445,52,99,473,140,52,3063,14532,5482,5,11,41,15,5,11,41,16,90,90,90,90,0,0,0,0,0,9,897,7,21445,1,2,0,0,476,372,0,1276321883,1276321973,1276321949,attack
192.168.56.1,55057,75.127.97.72,80,6,9,809,7,21498,52,89,385,110,52,3071,14532,5479,4,11,41,18,4,8,41,16,90,90,90,90,0,0,0,0,0,9,809,7,21498,1,2,0,0,476,372,0,1276321883,1276321973,1276321933,attack
192.168.56.1,55065,75.127.97.72,80,6,9,849,7,21555,52,94,425,124,52,3079,14532,5475,13,11,53,19,13,6,24,10,90,90,90,90,0,0,0,0,0,9,849,7,21555,1,2,0,0,476,372,0,1276321883,1276321973,1276321920,attack
192.168.56.1,55077,75.127.97.72,80,6,9,856,7,21480,52,95,432,126,52,3068,14532,5480,11,11,53,19,11,6,26,10,90,90,90,90,0,0,0,0,0,9,856,7,21480,1,2,0,0,476,372,0,1276321883,1276321973,1276321920,attack
192.168.56.1,55096,75.127.97.72,80,6,7,678,5,4735,52,96,358,115,52,947,4396,1928,8,15,58,23,8,8,24,11,90,90,90,90,0,0,0,0,0,7,678,5,4735,1,1,0,0,372,268,0,1276321883,1276321973,1276321915,attack
192.168.56.1,55112,75.127.97.72,80,6,12,2011,7,21509,52,167,509,205,52,3072,14532,5478,11,8,53,16,11,5,23,9,89,89,89,89,0,0,0,0,0,12,2011,7,21509,3,2,0,0,640,372,0,1276321884,1276321973,1276321920,attack
192.168.56.1,55113,75.127.97.72,80,6,11,2419,7,21467,52,219,665,285,52,3066,14532,5481,4,8,40,16,4,8,38,14,88,88,88,88,0,0,0,0,0,11,2419,7,21467,3,2,0,0,580,372,0,1276321885,1276321973,1276321933,attack
192.168.56.1,55114,75.127.97.72,80,6,8,806,5,4741,52,100,426,131,52,948,4396,1928,11,12,53,19,11,8,23,10,88,88,88,88,0,0,0,0,0,8,806,5,4741,1,1,0,0,432,268,0,1276321885,1276321973,1276321920,attack
192.168.56.1,55115,75.127.97.72,80,6,7,780,5,4769,52,111,460,153,52,953,4396,1925,11,14,53,20,11,8,23,10,87,87,87,87,0,0,0,0,0,7,780,5,4769,1,1,0,0,372,268,0,1276321886,1276321973,1276321920,attack
192.168.56.1,55116,75.127.97.72,80,6,11,1804,7,21460,52,164,460,190,52,3065,14532,5481,8,8,58,18,8,4,20,8,87,87,87,87,0,0,0,0,0,11,1804,7,21460,3,2,0,0,580,372,0,1276321886,1276321973,1276321915,attack
192.168.56.1,55119,75.127.97.72,80,6,7,949,5,1734,52,135,629,217,52,346,1500,644,7,14,55,21,7,15,55,26,86,86,86,86,0,0,0,0,0,7,949,5,1734,1,1,0,0,372,268,0,1276321887,1276321973,1276321949,attack
192.168.56.1,55120,75.127.97.72,80,6,7,713,5,3226,52,101,393,128,52,645,2948,1287,10,14,51,20,10,15,51,24,86,86,86,86,0,0,0,0,0,7,713,5,3226,1,1,0,0,372,268,0,1276321887,1276321973,1276321948,attack
192.168.56.1,55121,75.127.97.72,80,6,9,930,7,21491,52,103,506,151,52,3070,14532,5479,7,10,42,17,7,7,37,14,86,86,86,86,0,0,0,0,0,9,930,7,21491,1,2,0,0,476,372,0,1276321887,1276321973,1276321931,attack
192.168.56.1,55122,75.127.97.72,80,6,9,979,7,21495,52,108,555,167,52,3070,14532,5479,11,10,53,18,11,5,22,9,86,86,86,86,0,0,0,0,0,9,979,7,21495,1,2,0,0,476,372,0,1276321887,1276321973,1276321920,attack
192.168.56.1,55123,75.127.97.72,80,6,7,835,5,7117,52,119,515,174,52,1423,5844,2513,10,14,51,20,10,15,51,24,86,86,86,86,0,0,0,0,0,7,835,5,7117,1,1,0,0,372,268,0,1276321887,1276321973,1276321948,attack
192.168.56.1,55124,75.127.97.72,80,6,8,1561,4,1509,52,195,431,195,52,377,1345,645,8,12,52,19,1,20,52,27,86,86,86,86,0,0,0,0,0,8,1561,4,1509,3,1,0,0,424,216,0,1276321887,1276321973,1276321948,attack
192.168.56.1,55125,75.127.97.72,80,6,9,1364,5,6921,52,151,348,147,52,1384,5844,2520,10,10,50,18,10,15,50,23,86,86,86,86,0,0,0,0,0,9,1364,5,6921,3,1,0,0,476,268,0,1276321887,1276321973,1276321948,attack
192.168.56.1,55126,75.127.97.72,80,6,10,871,7,21493,52,87,387,105,52,3070,14532,5479,8,9,58,19,8,4,19,7,86,86,86,86,0,0,0,0,0,10,871,7,21493,1,2,0,0,536,372,0,1276321887,1276321973,1276321915,attack
192.168.56.1,55127,75.127.97.72,80,6,6,693,4,1400,52,115,425,151,52,350,1236,590,8,17,52,22,8,20,52,28,85,85,85,85,0,0,0,0,0,6,693,4,1400,1,1,0,0,320,216,0,1276321888,1276321973,1276321948,attack
192.168.56.1,55128,75.127.97.72,80,6,7,745,5,4830,52,106,425,140,52,966,4396,1919,8,14,58,22,8,6,19,8,85,85,85,85,0,0,0,0,0,7,745,5,4830,1,1,0,0,372,268,0,1276321888,1276321973,1276321915,attack
192.168.56.1,55129,75.127.97.72,80,6,9,1114,7,21504,52,123,690,212,52,3072,14532,5478,12,10,53,18,12,5,20,8,85,85,85,85,0,0,0,0,0,9,1114,7,21504,1,2,0,0,476,372,0,1276321888,1276321973,1276321920,attack
192.168.56.1,55130,75.127.97.72,80,6,7,793,5,2918,52,113,473,158,52,583,1500,729,10,14,50,20,10,15,50,23,85,85,85,85,0,0,0,0,0,7,793,5,2918,1,1,0,0,372,268,0,1276321888,1276321973,1276321948,attack
192.168.56.1,55131,75.127.97.72,80,6,7,790,5,3398,52,112,470,157,52,679,2948,1272,10,14,50,20,10,15,50,23,85,85,85,85,0,0,0,0,0,7,790,5,3398,1,1,0,0,372,268,0,1276321888,1276321973,1276321948,attack
192.168.56.1,55132,75.127.97.72,80,6,7,696,5,3304,52,99,376,121,52,660,2948,1279,10,14,50,20,10,15,50,23,85,85,85,85,0,0,0,0,0,7,696,5,3304,1,1,0,0,372,268,0,1276321888,1276321973,1276321948,attack
192.168.56.1,54955,75.127.97.72,80,6,7,817,5,4774,52,116,497,167,52,954,4396,1924,5,15,83,33,5,1,5,2,90,90,90,90,0,0,0,0,0,7,817,5,4774,1,1,0,0,372,268,0,1276321883,1276321973,1276321890,attack
192.168.56.1,54959,75.127.97.72,80,6,9,853,7,21521,52,94,429,125,52,3074,14532,5477,5,11,83,29,5,1,5,2,90,90,90,90,0,0,0,0,0,9,853,7,21521,1,2,0,0,476,372,0,1276321883,1276321973,1276321890,attack
192.168.56.1,54961,75.127.97.72,80,6,9,767,7,21499,52,85,343,96,52,3071,14532,5479,5,11,83,29,5,1,5,2,90,90,90,90,0,0,0,0,0,9,767,7,21499,1,2,0,0,476,372,0,1276321883,1276321973,1276321890,attack
192.168.56.1,54966,75.127.97.72,80,6,9,1020,7,21519,52,113,596,181,52,3074,14532,5477,5,11,83,29,5,1,5,2,90,90,90,90,0,0,0,0,0,9,1020,7,21519,1,2,0,0,476,372,0,1276321883,1276321973,1276321890,attack
192.168.56.1,54969,75.127.97.72,80,6,9,857,7,21513,52,95,433,126,52,3073,14532,5478,5,11,82,28,5,1,5,2,90,90,90,90,0,0,0,0,0,9,857,7,21513,1,2,0,0,476,372,0,1276321883,1276321973,1276321891,attack
192.168.56.1,54975,75.127.97.72,80,6,7,848,5,4806,52,121,528,179,52,961,4396,1921,5,15,80,31,5,2,5,2,90,90,90,90,0,0,0,0,0,7,848,5,4806,1,1,0,0,372,268,0,1276321883,1276321973,1276321893,attack
192.168.56.1,54983,75.127.97.72,80,6,9,1055,7,21516,52,117,631,192,52,3073,14532,5478,2,11,74,25,2,2,9,3,90,90,90,90,0,0,0,0,0,9,1055,7,21516,1,2,0,0,476,372,0,1276321883,1276321973,1276321899,attack
192.168.56.1,54985,75.127.97.72,80,6,7,665,5,4743,52,95,345,110,52,948,4396,1927,5,15,74,29,5,4,11,5,90,90,90,90,0,0,0,0,0,7,665,5,4743,1,1,0,0,372,268,0,1276321883,1276321973,1276321899,attack
192.168.56.1,54989,75.127.97.72,80,6,9,912,7,21501,52,101,488,145,52,3071,14532,5479,1,11,73,25,1,2,10,4,90,90,90,90,0,0,0,0,0,9,912,7,21501,1,2,0,0,476,372,0,1276321883,1276321973,1276321900,attack
192.168.56.1,54995,75.127.97.72,80,6,9,887,7,21450,52,98,463,136,52,3064,14532,5482,8,11,40,14,8,8,22,10,90,90,90,90,0,0,0,0,0,9,887,7,21450,1,2,0,0,476,372,0,1276321883,1276321973,1276321933,attack
192.168.56.1,55034,75.127.97.72,80,6,9,798,7,21509,52,88,374,107,52,3072,14532,5478,11,11,53,19,11,6,26,10,90,90,90,90,0,0,0,0,0,9,798,7,21509,1,2,0,0,476,372,0,1276321883,1276321973,1276321920,attack
192.168.56.1,55039,75.127.97.72,80,6,9,845,7,21498,52,93,421,122,52,3071,14532,5479,8,11,58,20,8,5,24,9,90,90,90,90,0,0,0,0,0,9,845,7,21498,1,2,0,0,476,372,0,1276321883,1276321973,1276321915,attack
192.168.56.1,55067,75.127.97.72,80,6,7,806,5,2960,52,115,486,163,52,592,1500,739,5,15,77,30,5,20,77,37,90,90,90,90,0,0,0,0,0,7,806,5,2960,1,1,0,0,372,268,0,1276321883,1276321973,1276321965,attack
192.168.56.1,55282,75.127.97.72,80,6,19,4654,7,400,52,244,417,186,40,57,60,7,1,4,23,7,2,12,44,16,77,77,77,77,0,0,0,0,0,19,4654,7,400,10,0,0,0,1004,400,0,1276321896,1276321973,1276321973,attack
192.168.1.104,16480,204.13.200.58,80,6,9,499,10,9578,40,55,171,43,40,957,1500,709,0,0,1,0,0,0,0,0,1,1,1,1,0,0,0,0,0,9,499,10,9578,1,1,0,0,368,408,0,1276321973,1276321974,1276321974,normal
192.168.56.1,55190,75.127.97.72,80,6,5,733,4,3112,40,146,529,213,52,778,2948,1446,2,21,83,41,2,28,83,47,85,85,85,85,0,0,0,0,0,5,733,4,3112,1,0,0,0,256,216,0,1276321890,1276321975,1276321975,attack
192.168.56.1,55106,75.127.97.72,80,6,8,877,4,3112,40,109,493,155,52,778,2948,1446,2,13,83,30,2,28,83,47,92,92,92,92,0,0,0,0,0,8,877,4,3112,1,0,0,0,436,216,0,1276321883,1276321975,1276321975,attack
192.168.56.1,55165,75.127.97.72,80,6,5,594,4,3112,40,118,390,151,52,778,2948,1446,2,21,84,41,2,28,84,47,86,86,86,86,0,0,0,0,0,5,594,4,3112,1,0,0,0,256,216,0,1276321889,1276321975,1276321975,attack
192.168.56.1,55198,75.127.97.72,80,6,7,1128,4,1664,40,161,432,185,52,416,1500,722,1,14,81,32,1,28,81,45,85,85,85,85,0,0,0,0,0,7,1128,4,1664,2,0,0,0,368,216,0,1276321890,1276321975,1276321975,attack
192.168.56.1,55161,75.127.97.72,80,6,5,671,4,1664,40,134,467,186,52,416,1500,722,2,21,84,41,2,28,84,47,86,86,86,86,0,0,0,0,0,5,671,4,1664,1,0,0,0,256,216,0,1276321889,1276321975,1276321975,attack
192.168.56.1,55177,75.127.97.72,80,6,5,644,5,4392,40,128,440,174,52,878,2948,1272,2,21,83,41,0,21,83,41,85,85,85,85,0,0,0,0,0,5,644,5,4392,1,1,0,0,256,268,0,1276321890,1276321975,1276321975,attack
192.168.56.1,55107,75.127.97.72,80,6,8,761,4,3112,40,95,377,114,52,778,2948,1446,2,13,83,30,2,28,83,47,92,92,92,92,0,0,0,0,0,8,761,4,3112,1,0,0,0,436,216,0,1276321883,1276321975,1276321975,attack
192.168.56.1,55176,75.127.97.72,80,6,5,633,4,3112,40,126,429,169,52,778,2948,1446,2,21,83,41,2,28,83,47,85,85,85,85,0,0,0,0,0,5,633,4,3112,1,0,0,0,256,216,0,1276321890,1276321975,1276321975,attack
192.168.56.1,55193,75.127.97.72,80,6,6,1278,5,1849,40,213,537,251,52,369,1500,634,1,17,82,36,0,21,82,40,85,85,85,85,0,0,0,0,0,6,1278,5,1849,2,1,0,0,308,268,0,1276321890,1276321975,1276321975,attack
192.168.56.1,55199,75.127.97.72,80,6,7,1214,4,1664,40,173,475,206,52,416,1500,722,1,14,81,32,1,28,81,45,85,85,85,85,0,0,0,0,0,7,1214,4,1664,2,0,0,0,368,216,0,1276321890,1276321975,1276321975,attack
192.168.56.1,55205,75.127.97.72,80,6,6,741,4,3112,40,123,477,173,52,778,2948,1446,2,16,81,35,2,27,81,46,84,84,84,84,0,0,0,0,0,6,741,4,3112,1,0,0,0,316,216,0,1276321891,1276321975,1276321975,attack
192.168.56.1,55202,75.127.97.72,80,6,7,1238,4,3112,40,176,487,211,52,778,2948,1446,1,14,81,32,1,28,81,45,85,85,85,85,0,0,0,0,0,7,1238,4,3112,2,0,0,0,368,216,0,1276321890,1276321975,1276321975,attack
192.168.56.1,55179,75.127.97.72,80,6,5,733,4,1664,40,146,529,213,52,416,1500,722,2,21,83,41,2,28,83,47,85,85,85,85,0,0,0,0,0,5,733,4,1664,1,0,0,0,256,216,0,1276321890,1276321975,1276321975,attack
192.168.56.1,55171,75.127.97.72,80,6,5,655,4,1664,40,131,451,179,52,416,1500,722,2,21,84,41,2,28,84,47,86,86,86,86,0,0,0,0,0,5,655,4,1664,1,0,0,0,256,216,0,1276321889,1276321975,1276321975,attack
192.168.56.1,55105,75.127.97.72,80,6,8,833,4,3112,40,104,449,139,52,778,2948,1446,2,13,83,30,2,28,83,47,92,92,92,92,0,0,0,0,0,8,833,4,3112,1,0,0,0,436,216,0,1276321883,1276321975,1276321975,attack
192.168.56.1,55194,75.127.97.72,80,6,6,1270,4,3112,40,211,533,248,52,778,2948,1446,1,17,82,36,1,28,82,46,85,85,85,85,0,0,0,0,0,6,1270,4,3112,2,0,0,0,308,216,0,1276321890,1276321975,1276321975,attack
192.168.56.1,55210,75.127.97.72,80,6,6,717,4,3112,40,119,453,163,52,778,2948,1446,2,16,81,35,2,27,81,46,84,84,84,84,0,0,0,0,0,6,717,4,3112,1,0,0,0,316,216,0,1276321891,1276321975,1276321975,attack
192.168.56.1,55206,75.127.97.72,80,6,6,588,4,3112,40,98,324,110,52,778,2948,1446,2,16,81,35,2,27,81,46,84,84,84,84,0,0,0,0,0,6,588,4,3112,1,0,0,0,316,216,0,1276321891,1276321975,1276321975,attack
192.168.56.1,55180,75.127.97.72,80,6,5,743,4,3112,40,148,539,218,52,778,2948,1446,2,21,83,41,2,28,83,47,85,85,85,85,0,0,0,0,0,5,743,4,3112,1,0,0,0,256,216,0,1276321890,1276321975,1276321975,attack
192.168.56.1,55164,75.127.97.72,80,6,5,756,4,1664,40,151,552,224,52,416,1500,722,3,21,84,41,3,29,84,47,87,87,87,87,0,0,0,0,0,5,756,4,1664,1,0,0,0,256,216,0,1276321889,1276321976,1276321976,attack
192.168.56.1,55192,75.127.97.72,80,6,5,841,4,3112,40,168,637,262,52,778,2948,1446,3,21,83,41,3,28,83,47,86,86,86,86,0,0,0,0,0,5,841,4,3112,1,0,0,0,256,216,0,1276321890,1276321976,1276321976,attack
192.168.56.1,55186,75.127.97.72,80,6,5,559,5,1849,40,111,355,136,52,369,1500,634,3,21,83,41,0,21,83,41,86,86,86,86,0,0,0,0,0,5,559,5,1849,1,1,0,0,256,268,0,1276321890,1276321976,1276321976,attack
192.168.56.1,55215,75.127.97.72,80,6,6,871,5,1716,40,145,615,230,52,343,1500,646,9,16,45,19,9,21,45,20,84,84,84,84,0,0,0,0,0,6,871,5,1716,1,0,0,0,308,268,0,1276321892,1276321976,1276321976,attack
192.168.56.1,55188,75.127.97.72,80,6,5,809,4,3112,40,161,605,247,52,778,2948,1446,3,21,83,41,3,28,83,47,86,86,86,86,0,0,0,0,0,5,809,4,3112,1,0,0,0,256,216,0,1276321890,1276321976,1276321976,attack
192.168.56.1,55166,75.127.97.72,80,6,5,689,4,3112,40,137,485,194,52,778,2948,1446,3,21,84,41,3,29,84,47,87,87,87,87,0,0,0,0,0,5,689,4,3112,1,0,0,0,256,216,0,1276321889,1276321976,1276321976,attack
192.168.56.1,55203,75.127.97.72,80,6,7,1172,5,1849,40,167,454,195,52,369,1500,634,1,14,81,32,0,21,81,39,86,86,86,86,0,0,0,0,0,7,1172,5,1849,2,1,0,0,368,268,0,1276321890,1276321976,1276321976,attack
192.168.56.1,55200,75.127.97.72,80,6,6,737,5,4392,40,122,473,171,52,878,2948,1272,3,17,82,36,0,21,82,40,86,86,86,86,0,0,0,0,0,6,737,5,4392,1,1,0,0,316,268,0,1276321890,1276321976,1276321976,attack
192.168.56.1,55172,75.127.97.72,80,6,8,2068,5,4392,40,258,466,221,52,878,2948,1272,3,12,83,31,0,21,83,40,87,87,87,87,0,0,0,0,0,8,2068,5,4392,4,1,0,0,412,268,0,1276321889,1276321976,1276321976,attack
192.168.56.1,55175,75.127.97.72,80,6,5,817,5,1849,40,163,613,251,52,369,1500,634,3,21,83,41,0,21,83,41,86,86,86,86,0,0,0,0,0,5,817,5,1849,1,1,0,0,256,268,0,1276321890,1276321976,1276321976,attack
192.168.56.1,55191,75.127.97.72,80,6,5,591,5,4392,40,118,387,150,52,878,2948,1272,3,21,83,41,0,21,83,41,86,86,86,86,0,0,0,0,0,5,591,5,4392,1,1,0,0,256,268,0,1276321890,1276321976,1276321976,attack
192.168.56.1,55167,75.127.97.72,80,6,5,623,4,1664,40,124,419,164,52,416,1500,722,3,21,84,41,3,29,84,47,87,87,87,87,0,0,0,0,0,5,623,4,1664,1,0,0,0,256,216,0,1276321889,1276321976,1276321976,attack
192.168.56.1,55213,75.127.97.72,80,6,6,708,4,3112,40,118,444,159,52,778,2948,1446,3,17,81,35,3,28,81,45,85,85,85,85,0,0,0,0,0,6,708,4,3112,1,0,0,0,316,216,0,1276321891,1276321976,1276321976,attack
192.168.56.1,55108,75.127.97.72,80,6,8,877,4,3112,40,109,493,155,52,778,2948,1446,3,13,83,30,3,28,83,47,93,93,93,93,0,0,0,0,0,8,877,4,3112,1,0,0,0,436,216,0,1276321883,1276321976,1276321976,attack
192.168.56.1,55197,75.127.97.72,80,6,7,1188,4,3112,40,169,462,199,52,778,2948,1446,1,14,81,32,1,28,81,45,86,86,86,86,0,0,0,0,0,7,1188,4,3112,2,0,0,0,368,216,0,1276321890,1276321976,1276321976,attack
192.168.56.1,55201,75.127.97.72,80,6,7,1352,4,3112,40,193,544,239,52,778,2948,1446,1,14,81,32,1,28,81,45,86,86,86,86,0,0,0,0,0,7,1352,4,3112,2,0,0,0,368,216,0,1276321890,1276321976,1276321976,attack
192.168.56.1,55217,75.127.97.72,80,6,5,622,4,1664,40,124,418,164,52,416,1500,722,3,21,81,40,3,28,81,45,84,84,84,84,0,0,0,0,0,5,622,4,1664,1,0,0,0,256,216,0,1276321892,1276321976,1276321976,attack
192.168.56.1,55212,75.127.97.72,80,6,6,849,4,3112,40,141,585,217,52,778,2948,1446,3,17,81,35,3,28,81,45,85,85,85,85,0,0,0,0,0,6,849,4,3112,1,0,0,0,316,216,0,1276321891,1276321976,1276321976,attack
192.168.56.1,55051,75.127.97.72,80,6,5,708,4,6008,40,141,504,202,52,1502,5844,2894,3,23,90,44,3,31,90,51,93,93,93,93,0,0,0,0,0,5,708,4,6008,1,0,0,0,256,216,0,1276321883,1276321976,1276321976,attack
192.168.56.1,55196,75.127.97.72,80,6,7,978,4,3112,40,139,357,148,52,778,2948,1446,1,14,81,32,1,28,81,45,86,86,86,86,0,0,0,0,0,7,978,4,3112,2,0,0,0,368,216,0,1276321890,1276321976,1276321976,attack
192.168.56.1,55185,75.127.97.72,80,6,5,652,4,1664,40,130,448,177,52,416,1500,722,4,21,83,40,4,29,83,46,87,87,87,87,0,0,0,0,0,5,652,4,1664,1,0,0,0,256,216,0,1276321890,1276321977,1276321977,attack
192.168.56.1,55181,75.127.97.72,80,6,5,637,4,1664,40,127,433,170,52,416,1500,722,5,22,83,40,5,29,83,46,88,88,88,88,0,0,0,0,0,5,637,4,1664,1,0,0,0,256,216,0,1276321890,1276321978,1276321978,attack
192.168.56.1,55047,75.127.97.72,80,6,5,733,4,1664,40,146,529,213,52,416,1500,722,6,24,90,44,6,32,90,50,96,96,96,96,0,0,0,0,0,5,733,4,1664,1,0,0,0,256,216,0,1276321883,1276321979,1276321979,attack
192.168.56.1,55195,75.127.97.72,80,6,6,1266,4,1664,40,211,531,247,52,416,1500,722,1,17,82,35,1,29,82,45,89,89,89,89,0,0,0,0,0,6,1266,4,1664,2,0,0,0,308,216,0,1276321890,1276321979,1276321979,attack
192.168.56.1,55100,75.127.97.72,80,6,8,891,4,3112,40,111,507,160,52,778,2948,1446,6,13,83,30,6,29,83,46,96,96,96,96,0,0,0,0,0,8,891,4,3112,1,0,0,0,436,216,0,1276321883,1276321979,1276321979,attack
192.168.56.1,55216,75.127.97.72,80,6,5,653,4,3112,40,130,449,178,52,778,2948,1446,7,22,81,39,7,29,81,44,88,88,88,88,0,0,0,0,0,5,653,4,3112,1,0,0,0,256,216,0,1276321892,1276321980,1276321980,attack
192.168.56.1,55258,75.127.97.72,80,6,5,690,4,3112,40,138,486,194,52,778,2948,1446,8,22,80,38,8,29,80,44,88,88,88,88,0,0,0,0,0,5,690,4,3112,1,0,0,0,256,216,0,1276321893,1276321981,1276321981,attack
192.168.56.1,55257,75.127.97.72,80,6,5,630,5,1849,40,126,426,167,52,369,1500,634,8,22,80,38,0,22,80,38,88,88,88,88,0,0,0,0,0,5,630,5,1849,1,1,0,0,256,268,0,1276321893,1276321981,1276321981,attack
192.168.56.1,55232,75.127.97.72,80,6,5,612,5,4392,40,122,408,159,52,878,2948,1272,8,22,81,39,0,22,81,39,89,89,89,89,0,0,0,0,0,5,612,5,4392,1,1,0,0,256,268,0,1276321892,1276321981,1276321981,attack
192.168.56.1,55231,75.127.97.72,80,6,5,639,5,4392,40,127,435,171,52,878,2948,1272,8,22,81,39,0,22,81,39,89,89,89,89,0,0,0,0,0,5,639,5,4392,1,1,0,0,256,268,0,1276321892,1276321981,1276321981,attack
192.168.56.1,55244,75.127.97.72,80,6,5,724,5,4392,40,144,520,209,52,878,2948,1272,8,22,81,39,0,22,81,39,89,89,89,89,0,0,0,0,0,5,724,5,4392,1,1,0,0,256,268,0,1276321892,1276321981,1276321981,attack
192.168.56.1,55238,75.127.97.72,80,6,5,609,4,1664,40,121,405,158,52,416,1500,722,8,22,81,39,8,29,81,44,89,89,89,89,0,0,0,0,0,5,609,4,1664,1,0,0,0,256,216,0,1276321892,1276321981,1276321981,attack
192.168.56.1,55239,75.127.97.72,80,6,5,570,4,3112,40,114,366,141,52,778,2948,1446,8,22,81,39,8,29,81,44,89,89,89,89,0,0,0,0,0,5,570,4,3112,1,0,0,0,256,216,0,1276321892,1276321981,1276321981,attack
192.168.56.1,55254,75.127.97.72,80,6,6,779,5,1849,40,129,515,188,52,369,1500,634,8,17,80,34,0,22,80,38,89,89,89,89,0,0,0,0,0,6,779,5,1849,1,1,0,0,316,268,0,1276321892,1276321981,1276321981,attack
192.168.56.1,55247,75.127.97.72,80,6,6,678,4,3112,40,113,414,147,52,778,2948,1446,8,17,80,34,8,29,80,44,89,89,89,89,0,0,0,0,0,6,678,4,3112,1,0,0,0,316,216,0,1276321892,1276321981,1276321981,attack
192.168.56.1,55233,75.127.97.72,80,6,5,586,4,3112,40,117,382,148,52,778,2948,1446,8,22,81,39,8,29,81,44,89,89,89,89,0,0,0,0,0,5,586,4,3112,1,0,0,0,256,216,0,1276321892,1276321981,1276321981,attack
192.168.56.1,55229,75.127.97.72,80,6,5,655,4,3112,40,131,451,179,52,778,2948,1446,8,22,81,39,8,29,81,44,89,89,89,89,0,0,0,0,0,5,655,4,3112,1,0,0,0,256,216,0,1276321892,1276321981,1276321981,attack
192.168.56.1,55249,75.127.97.72,80,6,6,678,4,1664,40,113,414,147,52,416,1500,722,8,17,80,34,8,29,80,44,89,89,89,89,0,0,0,0,0,6,678,4,1664,1,0,0,0,316,216,0,1276321892,1276321981,1276321981,attack
192.168.56.1,55259,75.127.97.72,80,6,5,765,5,4392,40,153,561,228,52,878,2948,1272,8,22,80,38,0,22,80,38,88,88,88,88,0,0,0,0,0,5,765,5,4392,1,1,0,0,256,268,0,1276321893,1276321981,1276321981,attack
192.168.56.1,55263,75.127.97.72,80,6,10,2176,5,3172,40,217,384,175,52,634,2948,1293,8,9,78,25,8,22,78,37,88,88,88,88,0,0,0,0,0,10,2176,5,3172,5,0,0,0,516,276,0,1276321893,1276321981,1276321981,attack
192.168.56.1,55256,75.127.97.72,80,6,5,692,4,3112,40,138,488,195,52,778,2948,1446,8,22,80,38,8,29,80,44,88,88,88,88,0,0,0,0,0,5,692,4,3112,1,0,0,0,256,216,0,1276321893,1276321981,1276321981,attack
192.168.56.1,55234,75.127.97.72,80,6,5,611,4,3112,40,122,407,159,52,778,2948,1446,8,22,81,39,8,29,81,44,89,89,89,89,0,0,0,0,0,5,611,4,3112,1,0,0,0,256,216,0,1276321892,1276321981,1276321981,attack
192.168.56.1,55224,75.127.97.72,80,6,5,673,4,3112,40,134,469,187,52,778,2948,1446,8,22,81,39,8,29,81,44,89,89,89,89,0,0,0,0,0,5,673,4,3112,1,0,0,0,256,216,0,1276321892,1276321981,1276321981,attack
192.168.56.1,55252,75.127.97.72,80,6,6,719,5,4392,40,119,455,164,52,878,2948,1272,8,17,80,34,0,22,80,38,89,89,89,89,0,0,0,0,0,6,719,5,4392,1,1,0,0,316,268,0,1276321892,1276321981,1276321981,attack
192.168.56.1,55225,75.127.97.72,80,6,5,521,4,3112,40,104,317,119,52,778,2948,1446,8,22,81,39,8,29,81,44,89,89,89,89,0,0,0,0,0,5,521,4,3112,1,0,0,0,256,216,0,1276321892,1276321981,1276321981,attack
192.168.56.1,55262,75.127.97.72,80,6,10,2581,6,4452,40,258,465,218,52,742,2948,1186,8,9,78,25,0,17,78,33,88,88,88,88,0,0,0,0,0,10,2581,6,4452,5,1,0,0,516,328,0,1276321893,1276321981,1276321981,attack
192.168.56.1,55227,75.127.97.72,80,6,5,624,5,4392,40,124,420,165,52,878,2948,1272,8,22,81,39,0,22,81,39,89,89,89,89,0,0,0,0,0,5,624,5,4392,1,1,0,0,256,268,0,1276321892,1276321981,1276321981,attack
192.168.56.1,55173,75.127.97.72,80,6,8,2280,5,1849,40,285,519,250,52,369,1500,634,8,13,83,30,0,23,83,40,92,92,92,92,0,0,0,0,0,8,2280,5,1849,4,1,0,0,412,268,0,1276321889,1276321981,1276321981,attack
192.168.56.1,55255,75.127.97.72,80,6,5,579,5,4392,40,115,375,145,52,878,2948,1272,8,22,80,38,0,22,80,38,88,88,88,88,0,0,0,0,0,5,579,5,4392,1,1,0,0,256,268,0,1276321893,1276321981,1276321981,attack
192.168.56.1,55230,75.127.97.72,80,6,5,679,5,4392,40,135,475,189,52,878,2948,1272,8,22,81,39,0,22,81,39,89,89,89,89,0,0,0,0,0,5,679,5,4392,1,1,0,0,256,268,0,1276321892,1276321981,1276321981,attack
192.168.56.1,55243,75.127.97.72,80,6,5,654,5,4392,40,130,450,178,52,878,2948,1272,8,22,81,39,0,22,81,39,89,89,89,89,0,0,0,0,0,5,654,5,4392,1,1,0,0,256,268,0,1276321892,1276321981,1276321981,attack
192.168.56.1,55235,75.127.97.72,80,6,5,526,5,4392,40,105,322,121,52,878,2948,1272,8,22,81,39,0,22,81,39,89,89,89,89,0,0,0,0,0,5,526,5,4392,1,1,0,0,256,268,0,1276321892,1276321981,1276321981,attack
192.168.56.1,55237,75.127.97.72,80,6,5,855,4,3112,40,171,651,268,52,778,2948,1446,8,22,81,39,8,29,81,44,89,89,89,89,0,0,0,0,0,5,855,4,3112,1,0,0,0,256,216,0,1276321892,1276321981,1276321981,attack
192.168.56.1,55250,75.127.97.72,80,6,6,762,5,4392,40,127,498,181,52,878,2948,1272,8,17,80,34,0,22,80,38,89,89,89,89,0,0,0,0,0,6,762,5,4392,1,1,0,0,316,268,0,1276321892,1276321981,1276321981,attack
192.168.56.1,55228,75.127.97.72,80,6,5,684,5,4392,40,136,480,191,52,878,2948,1272,8,22,81,39,0,22,81,39,89,89,89,89,0,0,0,0,0,5,684,5,4392,1,1,0,0,256,268,0,1276321892,1276321981,1276321981,attack
192.168.56.1,55241,75.127.97.72,80,6,5,512,5,4392,40,102,308,115,52,878,2948,1272,8,22,81,39,0,22,81,39,89,89,89,89,0,0,0,0,0,5,512,5,4392,1,1,0,0,256,268,0,1276321892,1276321981,1276321981,attack
192.168.2.108,1406,192.168.5.122,110,6,8,367,15,752,40,45,55,5,40,50,60,7,0,0,0,0,0,0,0,0,0,0,0,0,0,0,0,0,0,8,367,15,752,4,10,0,0,328,616,0,1276321981,1276321981,1276321981,normal
192.168.56.1,55226,75.127.97.72,80,6,5,855,5,4392,40,171,651,268,52,878,2948,1272,8,22,81,39,0,22,81,39,89,89,89,89,0,0,0,0,0,5,855,5,4392,1,1,0,0,256,268,0,1276321892,1276321981,1276321981,attack
192.168.3.115,4030,192.168.3.114,139,6,11,1429,10,1119,40,129,304,88,40,111,327,84,0,0,0,0,0,0,0,0,0,0,0,0,0,0,0,0,0,11,1429,10,1119,8,8,0,0,448,408,0,1276321981,1276321981,1276321981,normal
192.168.56.1,55267,75.127.97.72,80,6,7,785,4,3112,40,112,461,154,52,778,2948,1446,8,14,77,30,8,28,77,42,88,88,88,88,0,0,0,0,0,7,785,4,3112,1,0,0,0,376,216,0,1276321893,1276321981,1276321981,attack
192.168.56.1,55260,75.127.97.72,80,6,5,692,4,3112,40,138,488,195,52,778,2948,1446,8,22,80,38,8,29,80,44,88,88,88,88,0,0,0,0,0,5,692,4,3112,1,0,0,0,256,216,0,1276321893,1276321981,1276321981,attack
192.168.56.1,55253,75.127.97.72,80,6,6,896,4,3112,40,149,632,236,52,778,2948,1446,8,17,80,34,8,29,80,44,89,89,89,89,0,0,0,0,0,6,896,4,3112,1,0,0,0,316,216,0,1276321892,1276321981,1276321981,attack
192.168.56.1,55268,75.127.97.72,80,6,7,870,4,3112,40,124,546,186,52,778,2948,1446,8,14,77,30,8,28,77,42,88,88,88,88,0,0,0,0,0,7,870,4,3112,1,0,0,0,376,216,0,1276321893,1276321981,1276321981,attack
192.168.56.1,55242,75.127.97.72,80,6,5,593,4,3112,40,118,389,151,52,778,2948,1446,8,22,81,39,8,29,81,44,89,89,89,89,0,0,0,0,0,5,593,4,3112,1,0,0,0,256,216,0,1276321892,1276321981,1276321981,attack
192.168.56.1,55214,75.127.97.72,80,6,6,774,4,3112,40,129,510,186,52,778,2948,1446,8,18,81,35,8,29,81,44,90,90,90,90,0,0,0,0,0,6,774,4,3112,1,0,0,0,316,216,0,1276321891,1276321981,1276321981,attack
192.168.56.1,55248,75.127.97.72,80,6,6,718,5,4392,40,119,454,163,52,878,2948,1272,8,17,80,34,0,22,80,38,89,89,89,89,0,0,0,0,0,6,718,5,4392,1,1,0,0,316,268,0,1276321892,1276321981,1276321981,attack
192.168.56.1,55245,75.127.97.72,80,6,8,1740,4,3112,40,217,384,178,52,778,2948,1446,8,12,80,29,1,29,80,43,89,89,89,89,0,0,0,0,0,8,1740,4,3112,4,0,0,0,412,216,0,1276321892,1276321981,1276321981,attack
192.168.56.1,55236,75.127.97.72,80,6,5,684,4,3112,40,136,480,191,52,778,2948,1446,8,22,81,39,8,29,81,44,89,89,89,89,0,0,0,0,0,5,684,4,3112,1,0,0,0,256,216,0,1276321892,1276321981,1276321981,attack
192.168.56.1,55269,75.127.97.72,80,6,7,964,5,1849,40,137,640,221,52,369,1500,634,8,14,77,30,0,21,77,37,88,88,88,88,0,0,0,0,0,7,964,5,1849,1,1,0,0,376,268,0,1276321893,1276321981,1276321981,attack
192.168.56.1,55240,75.127.97.72,80,6,5,607,4,1664,40,121,403,157,52,416,1500,722,10,22,81,39,10,30,81,44,91,91,91,91,0,0,0,0,0,5,607,4,1664,1,0,0,0,256,216,0,1276321892,1276321983,1276321983,attack
192.168.56.1,55295,75.127.97.72,80,6,5,701,4,3112,40,140,497,199,52,778,2948,1446,10,20,70,33,10,26,70,37,80,80,80,80,0,0,0,0,0,5,701,4,3112,1,0,0,0,256,216,0,1276321903,1276321983,1276321983,attack
192.168.56.1,55292,75.127.97.72,80,6,5,532,5,4392,40,106,328,124,52,878,2948,1272,10,20,70,33,0,20,70,33,80,80,80,80,0,0,0,0,0,5,532,5,4392,1,1,0,0,256,268,0,1276321903,1276321983,1276321983,attack
192.168.56.1,55321,75.127.97.72,80,6,5,635,4,3112,40,127,431,170,52,778,2948,1446,10,16,56,26,10,22,56,29,66,66,66,66,0,0,0,0,0,5,635,4,3112,1,0,0,0,256,216,0,1276321917,1276321983,1276321983,attack
192.168.56.1,55293,75.127.97.72,80,6,5,622,5,1849,40,124,418,164,52,369,1500,634,10,20,70,33,0,20,70,33,80,80,80,80,0,0,0,0,0,5,622,5,1849,1,1,0,0,256,268,0,1276321903,1276321983,1276321983,attack
192.168.56.1,55264,75.127.97.72,80,6,7,774,5,4392,40,110,450,149,52,878,2948,1272,10,15,77,30,0,21,77,37,90,90,90,90,0,0,0,0,0,7,774,5,4392,1,1,0,0,376,268,0,1276321893,1276321983,1276321983,attack
192.168.56.1,55316,75.127.97.72,80,6,5,823,5,4392,40,164,619,254,52,878,2948,1272,10,16,56,26,0,16,56,26,66,66,66,66,0,0,0,0,0,5,823,5,4392,1,1,0,0,256,268,0,1276321917,1276321983,1276321983,attack
192.168.56.1,55338,75.127.97.72,80,6,5,630,5,4392,40,126,426,167,52,878,2948,1272,10,15,51,24,0,15,51,24,61,61,61,61,0,0,0,0,0,5,630,5,4392,1,1,0,0,256,268,0,1276321922,1276321983,1276321983,attack
192.168.56.1,55340,75.127.97.72,80,6,5,647,5,1849,40,129,443,175,52,369,1500,634,10,15,51,24,0,15,51,24,61,61,61,61,0,0,0,0,0,5,647,5,1849,1,1,0,0,256,268,0,1276321922,1276321983,1276321983,attack
192.168.56.1,55320,75.127.97.72,80,6,5,649,4,1664,40,129,445,176,52,416,1500,722,10,16,56,26,10,22,56,29,66,66,66,66,0,0,0,0,0,5,649,4,1664,1,0,0,0,256,216,0,1276321917,1276321983,1276321983,attack
192.168.56.1,55310,75.127.97.72,80,6,7,818,4,3112,40,116,494,166,52,778,2948,1446,10,11,56,22,10,22,56,29,69,69,69,69,0,0,0,0,0,7,818,4,3112,1,0,0,0,376,216,0,1276321914,1276321983,1276321983,attack
192.168.56.1,55339,75.127.97.72,80,6,5,562,4,3112,40,112,358,137,52,778,2948,1446,10,15,51,24,10,20,51,27,61,61,61,61,0,0,0,0,0,5,562,4,3112,1,0,0,0,256,216,0,1276321922,1276321983,1276321983,attack
192.168.56.1,55290,75.127.97.72,80,6,6,836,4,1664,40,139,572,212,52,416,1500,722,10,16,70,30,10,26,70,37,81,81,81,81,0,0,0,0,0,6,836,4,1664,1,0,0,0,316,216,0,1276321902,1276321983,1276321983,attack
192.168.56.1,55313,75.127.97.72,80,6,6,710,5,1849,40,118,446,160,52,369,1500,634,10,13,56,24,0,16,56,26,67,67,67,67,0,0,0,0,0,6,710,5,1849,1,1,0,0,316,268,0,1276321916,1276321983,1276321983,attack
192.168.56.1,55315,75.127.97.72,80,6,5,694,5,4392,40,138,490,196,52,878,2948,1272,10,16,56,26,0,16,56,26,66,66,66,66,0,0,0,0,0,5,694,5,4392,1,1,0,0,256,268,0,1276321917,1276321983,1276321983,attack
192.168.56.1,55291,75.127.97.72,80,6,6,931,5,4392,40,155,667,250,52,878,2948,1272,10,16,70,30,0,20,70,33,81,81,81,81,0,0,0,0,0,6,931,5,4392,1,1,0,0,316,268,0,1276321902,1276321983,1276321983,attack
192.168.56.1,55318,75.127.97.72,80,6,5,823,5,4392,40,164,619,254,52,878,2948,1272,10,16,56,26,0,16,56,26,66,66,66,66,0,0,0,0,0,5,823,5,4392,1,1,0,0,256,268,0,1276321917,1276321983,1276321983,attack
192.168.56.1,55289,75.127.97.72,80,6,8,1294,4,3112,40,161,485,199,52,778,2948,1446,1,12,70,25,1,27,70,37,84,84,84,84,0,0,0,0,0,8,1294,4,3112,2,0,0,0,428,216,0,1276321899,1276321983,1276321983,attack
192.168.56.1,55323,75.127.97.72,80,6,5,952,5,4392,40,190,748,311,52,878,2948,1272,10,16,56,26,0,16,56,26,66,66,66,66,0,0,0,0,0,5,952,5,4392,1,1,0,0,256,268,0,1276321917,1276321983,1276321983,attack
192.168.56.1,55325,75.127.97.72,80,6,5,624,5,4392,40,124,420,165,52,878,2948,1272,10,16,56,26,0,16,56,26,66,66,66,66,0,0,0,0,0,5,624,5,4392,1,1,0,0,256,268,0,1276321917,1276321983,1276321983,attack
192.168.56.1,55319,75.127.97.72,80,6,5,570,5,4392,40,114,366,141,52,878,2948,1272,10,16,56,26,0,16,56,26,66,66,66,66,0,0,0,0,0,5,570,5,4392,1,1,0,0,256,268,0,1276321917,1276321983,1276321983,attack
192.168.56.1,55337,75.127.97.72,80,6,5,671,5,4392,40,134,467,186,52,878,2948,1272,10,15,51,24,0,15,51,24,61,61,61,61,0,0,0,0,0,5,671,5,4392,1,1,0,0,256,268,0,1276321922,1276321983,1276321983,attack
192.168.56.1,55265,75.127.97.72,80,6,7,694,5,4392,40,99,370,119,52,878,2948,1272,10,15,77,30,0,21,77,37,90,90,90,90,0,0,0,0,0,7,694,5,4392,1,1,0,0,376,268,0,1276321893,1276321983,1276321983,attack
192.168.56.1,55317,75.127.97.72,80,6,5,578,4,3112,40,115,374,144,52,778,2948,1446,10,16,56,26,10,22,56,29,66,66,66,66,0,0,0,0,0,5,578,4,3112,1,0,0,0,256,216,0,1276321917,1276321983,1276321983,attack
192.168.56.1,55328,75.127.97.72,80,6,6,946,4,1664,40,157,371,165,52,416,1500,722,1,13,55,23,1,22,55,28,66,66,66,66,0,0,0,0,0,6,946,4,1664,2,0,0,0,308,216,0,1276321917,1276321983,1276321983,attack
192.168.56.1,55322,75.127.97.72,80,6,5,657,4,3112,40,131,453,179,52,778,2948,1446,10,16,56,26,10,22,56,29,66,66,66,66,0,0,0,0,0,5,657,4,3112,1,0,0,0,256,216,0,1276321917,1276321983,1276321983,attack
192.168.56.1,55341,75.127.97.72,80,6,5,681,5,4392,40,136,477,190,52,878,2948,1272,10,15,51,24,0,15,51,24,61,61,61,61,0,0,0,0,0,5,681,5,4392,1,1,0,0,256,268,0,1276321922,1276321983,1276321983,attack
192.168.56.1,55288,75.127.97.72,80,6,8,1052,4,3112,40,131,364,143,52,778,2948,1446,1,12,70,25,1,27,70,37,84,84,84,84,0,0,0,0,0,8,1052,4,3112,2,0,0,0,428,216,0,1276321899,1276321983,1276321983,attack
192.168.56.1,55324,75.127.97.72,80,6,5,680,5,4392,40,136,476,190,52,878,2948,1272,10,16,56,26,0,16,56,26,66,66,66,66,0,0,0,0,0,5,680,5,4392,1,1,0,0,256,268,0,1276321917,1276321983,1276321983,attack
192.168.56.1,55274,75.127.97.72,80,6,14,3422,6,1784,40,244,499,228,52,297,1500,589,10,6,70,19,10,16,70,29,87,87,87,87,0,0,0,0,0,14,3422,6,1784,6,0,0,0,740,336,0,1276321896,1276321983,1276321983,attack
192.168.56.1,55314,75.127.97.72,80,6,6,836,5,4392,40,139,572,212,52,878,2948,1272,10,13,56,24,0,16,56,26,67,67,67,67,0,0,0,0,0,6,836,5,4392,1,1,0,0,316,268,0,1276321916,1276321983,1276321983,attack
192.168.56.1,55296,75.127.97.72,80,6,5,687,5,4392,40,137,483,193,52,878,2948,1272,10,20,70,33,0,20,70,33,80,80,80,80,0,0,0,0,0,5,687,5,4392,1,1,0,0,256,268,0,1276321903,1276321983,1276321983,attack
192.168.56.1,55275,75.127.97.72,80,6,13,3214,5,1724,40,247,473,217,52,344,1500,645,2,7,70,19,2,21,70,32,87,87,87,87,0,0,0,0,0,13,3214,5,1724,6,0,0,0,688,276,0,1276321896,1276321983,1276321983,attack
192.168.56.1,55311,75.127.97.72,80,6,7,774,4,3112,40,110,450,149,52,778,2948,1446,10,11,56,22,10,22,56,29,69,69,69,69,0,0,0,0,0,7,774,4,3112,1,0,0,0,376,216,0,1276321914,1276321983,1276321983,attack
192.168.56.1,55336,75.127.97.72,80,6,6,645,5,1849,40,107,381,134,52,369,1500,634,10,12,51,21,0,15,51,24,62,62,62,62,0,0,0,0,0,6,645,5,1849,1,1,0,0,316,268,0,1276321921,1276321983,1276321983,attack
192.168.56.1,55271,75.127.97.72,80,6,15,3683,6,1784,40,245,465,212,52,297,1500,589,1,6,70,18,1,17,70,29,90,90,90,90,0,0,0,0,0,15,3683,6,1784,7,0,0,0,792,336,0,1276321893,1276321983,1276321983,attack
192.168.56.1,55270,75.127.97.72,80,6,15,3830,6,1784,40,255,486,223,52,297,1500,589,1,6,70,18,1,17,70,29,90,90,90,90,0,0,0,0,0,15,3830,6,1784,7,0,0,0,792,336,0,1276321893,1276321983,1276321983,attack
192.168.56.1,55298,75.127.97.72,80,6,5,619,4,1664,40,123,415,162,52,416,1500,722,10,20,70,33,10,26,70,37,80,80,80,80,0,0,0,0,0,5,619,4,1664,1,0,0,0,256,216,0,1276321903,1276321983,1276321983,attack
192.168.56.1,55297,75.127.97.72,80,6,5,714,4,3112,40,142,510,205,52,778,2948,1446,10,20,70,33,10,26,70,37,80,80,80,80,0,0,0,0,0,5,714,4,3112,1,0,0,0,256,216,0,1276321903,1276321983,1276321983,attack
192.168.56.1,55294,75.127.97.72,80,6,5,578,4,3112,40,115,374,144,52,778,2948,1446,10,20,70,33,10,26,70,37,80,80,80,80,0,0,0,0,0,5,578,4,3112,1,0,0,0,256,216,0,1276321903,1276321983,1276321983,attack
192.168.56.1,55326,75.127.97.72,80,6,5,714,4,3112,40,142,510,205,52,778,2948,1446,10,16,56,26,10,22,56,29,66,66,66,66,0,0,0,0,0,5,714,4,3112,1,0,0,0,256,216,0,1276321917,1276321983,1276321983,attack
192.168.56.1,55342,75.127.97.72,80,6,5,663,4,3112,40,132,459,182,52,778,2948,1446,10,15,51,24,10,20,51,27,61,61,61,61,0,0,0,0,0,5,663,4,3112,1,0,0,0,256,216,0,1276321922,1276321983,1276321983,attack
192.168.56.1,55246,75.127.97.72,80,6,8,2392,5,1849,40,299,547,265,52,369,1500,634,11,13,80,29,0,23,80,38,92,92,92,92,0,0,0,0,0,8,2392,5,1849,4,1,0,0,412,268,0,1276321892,1276321984,1276321984,attack
192.168.56.1,55343,75.127.97.72,80,6,5,666,4,1664,40,133,462,183,52,416,1500,722,11,15,51,24,11,20,51,26,62,62,62,62,0,0,0,0,0,5,666,4,1664,1,0,0,0,256,216,0,1276321922,1276321984,1276321984,attack
192.168.56.1,55261,75.127.97.72,80,6,5,684,5,1849,40,136,480,191,52,369,1500,634,11,22,80,38,0,22,80,38,91,91,91,91,0,0,0,0,0,5,684,5,1849,1,1,0,0,256,268,0,1276321893,1276321984,1276321984,attack
192.168.56.1,55251,75.127.97.72,80,6,6,786,4,1664,40,131,522,191,52,416,1500,722,11,18,80,34,11,30,80,43,92,92,92,92,0,0,0,0,0,6,786,4,1664,1,0,0,0,316,216,0,1276321892,1276321984,1276321984,attack
192.168.56.1,55345,75.127.97.72,80,6,5,667,4,3112,40,133,463,184,52,778,2948,1446,11,15,51,24,11,20,51,26,62,62,62,62,0,0,0,0,0,5,667,4,3112,1,0,0,0,256,216,0,1276321922,1276321984,1276321984,attack
192.168.56.1,55344,75.127.97.72,80,6,5,930,5,1849,40,186,726,301,52,369,1500,634,11,15,51,24,0,15,51,24,62,62,62,62,0,0,0,0,0,5,930,5,1849,1,1,0,0,256,268,0,1276321922,1276321984,1276321984,attack
192.168.56.1,55347,75.127.97.72,80,6,5,744,5,4392,40,148,540,218,52,878,2948,1272,11,15,51,24,0,15,51,24,62,62,62,62,0,0,0,0,0,5,744,5,4392,1,1,0,0,256,268,0,1276321922,1276321984,1276321984,attack